filename,full_path,source,folder
mod_v3_Aluminum-A-frame-board-3.webp,F:\Antigravity Images\MPrintHouse_Processed\mod_v3_Aluminum-A-frame-board-3.webp,mprint,Aluminum-A-frame-board
mod_v3_Backlit-Exhibition-Backdrop-wall-3.webp,F:\Antigravity Images\MPrintHouse_Processed\mod_v3_Backlit-Exhibition-Backdrop-wall-3.webp,mprint,Backlit-Exhibition-Backdrop
mod_v3_Backlit-Exhibition-Counter-1.webp,F:\Antigravity Images\MPrintHouse_Processed\mod_v3_Backlit-Exhibition-Counter-1.webp,mprint,Backlit-Exhibition-Counter
mod_v3_Backlit-Seamless-Backdrop-2.webp,F:\Antigravity Images\MPrintHouse_Processed\mod_v3_Backlit-Seamless-Backdrop-2.webp,mprint,Backlit-Seamless-Backdrop
mod_v3_Curve-Fabric-tension-stand-2.webp,F:\Antigravity Images\MPrintHouse_Processed\mod_v3_Curve-Fabric-tension-stand-2.webp,mprint,Curve-Fabric-Tension-Backdrop
mod_v3_hardcase-popup-4.webp,F:\Antigravity Images\MPrintHouse_Processed\mod_v3_hardcase-popup-4.webp,mprint,Curved-Pop-Up-Display-Hard-Case
mod_v3_soft-case-pop-up.webp,F:\Antigravity Images\MPrintHouse_Processed\mod_v3_soft-case-pop-up.webp,mprint,Curved-Pop-Up-Display-Soft-Case
mod_v3_62.webp,F:\Antigravity Images\MPrintHouse_Processed\mod_v3_62.webp,mprint,Curved-Wooden-Backdrops
mod_v3_83.webp,F:\Antigravity Images\MPrintHouse_Processed\mod_v3_83.webp,mprint,"Fabric-Counters-(Oval,-Rectangular)"
mod_v3_Fabric-Light-Wall-Display-Stand-2.webp,F:\Antigravity Images\MPrintHouse_Processed\mod_v3_Fabric-Light-Wall-Display-Stand-2.webp,mprint,Fabric-Light-Wall-Display-Stand
mod_v3_115.webp,F:\Antigravity Images\MPrintHouse_Processed\mod_v3_115.webp,mprint,Fabric-Pop-up-(Straight)
mod_v3_Fabric-Pop-up-Stand-5.webp,F:\Antigravity Images\MPrintHouse_Processed\mod_v3_Fabric-Pop-up-Stand-5.webp,mprint,Fabric-Pop-up-Stand
mod_v3_58.webp,F:\Antigravity Images\MPrintHouse_Processed\mod_v3_58.webp,mprint,Fabric-Seamless-Backdrops
mod_v3_M-PRINT-WEBSITE-IMAGES.webp,F:\Antigravity Images\MPrintHouse_Processed\mod_v3_M-PRINT-WEBSITE-IMAGES.webp,mprint,Flex-Banner
mod_v3_forex-self-stanf.webp,F:\Antigravity Images\MPrintHouse_Processed\mod_v3_forex-self-stanf.webp,mprint,Forex-Self-Standee
mod_v3_Lama-Stand-2.webp,F:\Antigravity Images\MPrintHouse_Processed\mod_v3_Lama-Stand-2.webp,mprint,Lama-Stand
mod_v3_MDF-Backdrop-4.webp,F:\Antigravity Images\MPrintHouse_Processed\mod_v3_MDF-Backdrop-4.webp,mprint,MDF-Backdrop
mod_v3_mdf-a-framee-5.webp,F:\Antigravity Images\MPrintHouse_Processed\mod_v3_mdf-a-framee-5.webp,mprint,MDF-Wood-A-frame-board
mod_v3_Media_Press-Wall-Backdrop.webp,F:\Antigravity Images\MPrintHouse_Processed\mod_v3_Media_Press-Wall-Backdrop.webp,mprint,Media-Wall-Backdrop
mod_v3_PARTY-BACKDROP-3.webp,F:\Antigravity Images\MPrintHouse_Processed\mod_v3_PARTY-BACKDROP-3.webp,mprint,Party-Backdrop
mod_v3_photography.webp,F:\Antigravity Images\MPrintHouse_Processed\mod_v3_photography.webp,mprint,Photography-Backdrop
mod_v3_pop-up-banners-1.webp,F:\Antigravity Images\MPrintHouse_Processed\mod_v3_pop-up-banners-1.webp,mprint,Pop-Out-Banner
mod_v3_Pop-up-Display-Counter-1.webp,F:\Antigravity Images\MPrintHouse_Processed\mod_v3_Pop-up-Display-Counter-1.webp,mprint,Pop-up-Display-Counter
mod_v3_Seamless-Paper-Photography-Backdrop-2.webp,F:\Antigravity Images\MPrintHouse_Processed\mod_v3_Seamless-Paper-Photography-Backdrop-2.webp,mprint,Seamless-Paper-Photography-Backdrop
mod_v3_138.webp,F:\Antigravity Images\MPrintHouse_Processed\mod_v3_138.webp,mprint,Shell-Schemes-(Exhibition-Stands)
mod_v3_pop-up-banners-4.webp,F:\Antigravity Images\MPrintHouse_Processed\mod_v3_pop-up-banners-4.webp,mprint,Spring-A-Board
mod_v3_step-Repeat-2.webp,F:\Antigravity Images\MPrintHouse_Processed\mod_v3_step-Repeat-2.webp,mprint,Step-&-Repeat-Backdrop
mod_v3_Straight-Fabric-tension-stand-2.webp,F:\Antigravity Images\MPrintHouse_Processed\mod_v3_Straight-Fabric-tension-stand-2.webp,mprint,Straight-Fabric-Tension-Backdrop
mod_v3_straight-hard-case-pop-up-1.webp,F:\Antigravity Images\MPrintHouse_Processed\mod_v3_straight-hard-case-pop-up-1.webp,mprint,Straight-Pop-Up-Display-Hard-Case
mod_v3_127.webp,F:\Antigravity Images\MPrintHouse_Processed\mod_v3_127.webp,mprint,Straight-Pop-Up-Display-Soft-Case
mod_v3_straight-wooden-backdrop-2.webp,F:\Antigravity Images\MPrintHouse_Processed\mod_v3_straight-wooden-backdrop-2.webp,mprint,Straight-Wooden-Backdrops
mod_v3_totam-m-print-house-1.webp,F:\Antigravity Images\MPrintHouse_Processed\mod_v3_totam-m-print-house-1.webp,mprint,Totem-Display-Stand
mod_v3_vinyl-backdrop.webp,F:\Antigravity Images\MPrintHouse_Processed\mod_v3_vinyl-backdrop.webp,mprint,Vinyl-Backdrop
mod_v3_Back-lit-Banner-printing-1.webp,F:\Antigravity Images\MPrintHouse_Processed\mod_v3_Back-lit-Banner-printing-1.webp,mprint,Back-lit-Banner-printing
mod_v3_196.webp,F:\Antigravity Images\MPrintHouse_Processed\mod_v3_196.webp,mprint,Barricades-Banners
mod_v3_Blockout-Double-Sided-Banner-Printing-4.webp,F:\Antigravity Images\MPrintHouse_Processed\mod_v3_Blockout-Double-Sided-Banner-Printing-4.webp,mprint,Blockout-(Double-Sided)-Banner-Printing
mod_v3_Building-Wrap-Banner-Printing-5.webp,F:\Antigravity Images\MPrintHouse_Processed\mod_v3_Building-Wrap-Banner-Printing-5.webp,mprint,Building-Wrap-Banner-Printing
mod_v3_Ceremonial-Ribbon-Printing-2.webp,F:\Antigravity Images\MPrintHouse_Processed\mod_v3_Ceremonial-Ribbon-Printing-2.webp,mprint,Ceremonial-Ribbon-Printing
mod_v3_Opening-Soon-Shop-Hoarding-3.webp,F:\Antigravity Images\MPrintHouse_Processed\mod_v3_Opening-Soon-Shop-Hoarding-3.webp,mprint,Coming-Soon-Shop-Hoarding
mod_v3_d-ring.webp,F:\Antigravity Images\MPrintHouse_Processed\mod_v3_d-ring.webp,mprint,D-Ring-Banner-Hanging
mod_v3_Fabric-Banner-Printing-1.webp,F:\Antigravity Images\MPrintHouse_Processed\mod_v3_Fabric-Banner-Printing-1.webp,mprint,Fabric-Banner-Printing
mod_v3_grommet.webp,F:\Antigravity Images\MPrintHouse_Processed\mod_v3_grommet.webp,mprint,Grommets_Eyelets-Banner-Hanging
mod_v3_heatcleancut.webp,F:\Antigravity Images\MPrintHouse_Processed\mod_v3_heatcleancut.webp,mprint,Heat_Clean-Cut-Banner-Edge-Finishing
mod_v3_hems.webp,F:\Antigravity Images\MPrintHouse_Processed\mod_v3_hems.webp,mprint,Hems-Banner-Finishing
mod_v3_Hoarding-Banners-2.webp,F:\Antigravity Images\MPrintHouse_Processed\mod_v3_Hoarding-Banners-2.webp,mprint,Hoarding-Banners
mod_v3_pole.webp,F:\Antigravity Images\MPrintHouse_Processed\mod_v3_pole.webp,mprint,Loop_Pocket-Pole-Banner-Hanging
mod_v3_329.webp,F:\Antigravity Images\MPrintHouse_Processed\mod_v3_329.webp,mprint,Mesh-Fence-Banners
mod_v3_Opening-Soon-Shop-Hoarding-4.webp,F:\Antigravity Images\MPrintHouse_Processed\mod_v3_Opening-Soon-Shop-Hoarding-4.webp,mprint,Opening-Soon-Shop-Hoarding
mod_v3_Pole-Banner-Printing-4.webp,F:\Antigravity Images\MPrintHouse_Processed\mod_v3_Pole-Banner-Printing-4.webp,mprint,Pole-Banner-Printing
mod_v3_rollup-popup-1.webp,F:\Antigravity Images\MPrintHouse_Processed\mod_v3_rollup-popup-1.webp,mprint,Popup-Banners
mod_v3_PVC-Fence-Banners-3.webp,F:\Antigravity Images\MPrintHouse_Processed\mod_v3_PVC-Fence-Banners-3.webp,mprint,PVC-Fence-Banners
mod_v3_rollup-popup-4.webp,F:\Antigravity Images\MPrintHouse_Processed\mod_v3_rollup-popup-4.webp,mprint,Rollup-Banners
mod_v3_sewn.webp,F:\Antigravity Images\MPrintHouse_Processed\mod_v3_sewn.webp,mprint,Rope-Stitch-Banner-Hanging
mod_v3_Stitching-Fabric-Banner-Edge-Finishing.webp,F:\Antigravity Images\MPrintHouse_Processed\mod_v3_Stitching-Fabric-Banner-Edge-Finishing.webp,mprint,Stitching-Fabric-Banner-Edge-Finishing
mod_v3_Tarpaulin-Eco-Banner-Printing-UAE-2.webp,F:\Antigravity Images\MPrintHouse_Processed\mod_v3_Tarpaulin-Eco-Banner-Printing-UAE-2.webp,mprint,Tarpaulin-Eco-Banner-Printing
mod_v3_Opening-Soon-Shop-Hoarding-2.webp,F:\Antigravity Images\MPrintHouse_Processed\mod_v3_Opening-Soon-Shop-Hoarding-2.webp,mprint,Unlocking-Soon-Shop_Office_Store-Hoarding
mod_v3_velcro.webp,F:\Antigravity Images\MPrintHouse_Processed\mod_v3_velcro.webp,mprint,Velcro-Fabric-Banner-Edge-Finishing
mod_v3_X-Banners-1.webp,F:\Antigravity Images\MPrintHouse_Processed\mod_v3_X-Banners-1.webp,mprint,X-Banners
mod_v3_15-1-scaled.webp,F:\Antigravity Images\MPrintHouse_Processed\mod_v3_15-1-scaled.webp,mprint,Blade-Flags
mod_v3_boat-flags-4.webp,F:\Antigravity Images\MPrintHouse_Processed\mod_v3_boat-flags-4.webp,mprint,Boat-flags
mod_v3_body-flags-3.webp,F:\Antigravity Images\MPrintHouse_Processed\mod_v3_body-flags-3.webp,mprint,Body-Flags
mod_v3_f10.webp,F:\Antigravity Images\MPrintHouse_Processed\mod_v3_f10.webp,mprint,Bunting-flags
mod_v3_car-flagss-3.webp,F:\Antigravity Images\MPrintHouse_Processed\mod_v3_car-flagss-3.webp,mprint,Car-Flags
mod_v3_f50.webp,F:\Antigravity Images\MPrintHouse_Processed\mod_v3_f50.webp,mprint,Cluster-flags
mod_v3_b19.webp,F:\Antigravity Images\MPrintHouse_Processed\mod_v3_b19.webp,mprint,Concrete-Base
mod_v3_45-scaled.webp,F:\Antigravity Images\MPrintHouse_Processed\mod_v3_45-scaled.webp,mprint,Conference-Flags
mod_v3_b8.webp,F:\Antigravity Images\MPrintHouse_Processed\mod_v3_b8.webp,mprint,Cross-base-(x-base)
mod_v3_b13.webp,F:\Antigravity Images\MPrintHouse_Processed\mod_v3_b13.webp,mprint,Fiber-Base
mod_v3_f51.webp,F:\Antigravity Images\MPrintHouse_Processed\mod_v3_f51.webp,mprint,Finishing-Line-Flags
mod_v3_49-scaled.webp,F:\Antigravity Images\MPrintHouse_Processed\mod_v3_49-scaled.webp,mprint,Hand-Flags
mod_v3_Hand-Waving-Pole-Flags-3.webp,F:\Antigravity Images\MPrintHouse_Processed\mod_v3_Hand-Waving-Pole-Flags-3.webp,mprint,Hand-Waving-Pole-Flags
mod_v3_f55.webp,F:\Antigravity Images\MPrintHouse_Processed\mod_v3_f55.webp,mprint,Hoisting-Flag
mod_v3_18-scaled.webp,F:\Antigravity Images\MPrintHouse_Processed\mod_v3_18-scaled.webp,mprint,L-Shaped-Flags
mod_v3_b6.webp,F:\Antigravity Images\MPrintHouse_Processed\mod_v3_b6.webp,mprint,Metal-Base
mod_v3_f2.webp,F:\Antigravity Images\MPrintHouse_Processed\mod_v3_f2.webp,mprint,Pennant-flags
mod_v3_pointing-flags-1.webp,F:\Antigravity Images\MPrintHouse_Processed\mod_v3_pointing-flags-1.webp,mprint,Pointing-Flags
mod_v3_racing-flags-32.webp,F:\Antigravity Images\MPrintHouse_Processed\mod_v3_racing-flags-32.webp,mprint,Racing-flags
mod_v3_1-scaled.webp,F:\Antigravity Images\MPrintHouse_Processed\mod_v3_1-scaled.webp,mprint,Sail-Flags
mod_v3_spike.webp,F:\Antigravity Images\MPrintHouse_Processed\mod_v3_spike.webp,mprint,Spike-base
mod_v3_stadium-flags-2.webp,F:\Antigravity Images\MPrintHouse_Processed\mod_v3_stadium-flags-2.webp,mprint,Stadium-Crowd-Flags
mod_v3_telescopic.webp,F:\Antigravity Images\MPrintHouse_Processed\mod_v3_telescopic.webp,mprint,T-550-Water-Base
mod_v3_32-scaled.webp,F:\Antigravity Images\MPrintHouse_Processed\mod_v3_32-scaled.webp,mprint,Table-Flags
mod_v3_teardrop-flags-1-scaled.webp,F:\Antigravity Images\MPrintHouse_Processed\mod_v3_teardrop-flags-1-scaled.webp,mprint,Teardrop-Flags
mod_v3_f48.webp,F:\Antigravity Images\MPrintHouse_Processed\mod_v3_f48.webp,mprint,Telescopic-Flag
mod_v3_tooth-pick-1.webp,F:\Antigravity Images\MPrintHouse_Processed\mod_v3_tooth-pick-1.webp,mprint,Tooth-Pick-Flags
mod_v3_wall-1.webp,F:\Antigravity Images\MPrintHouse_Processed\mod_v3_wall-1.webp,mprint,Wall-Mounted-Flags
mod_v3_95.webp,F:\Antigravity Images\MPrintHouse_Processed\mod_v3_95.webp,mprint,Water-Base
mod_v3_3D-Acrylic-Signage-2.webp,F:\Antigravity Images\MPrintHouse_Processed\mod_v3_3D-Acrylic-Signage-2.webp,mprint,3D-Acrylic-Signage
mod_v3_3D-Aluminium-Signage-–-4.webp,F:\Antigravity Images\MPrintHouse_Processed\mod_v3_3D-Aluminium-Signage-–-4.webp,mprint,3D-Aluminium-Signage
mod_v3_3D-Channellume-Signage-3.webp,F:\Antigravity Images\MPrintHouse_Processed\mod_v3_3D-Channellume-Signage-3.webp,mprint,3D-Channellume-Signage
mod_v3_3D-Gold-Plated-Signage-1.webp,F:\Antigravity Images\MPrintHouse_Processed\mod_v3_3D-Gold-Plated-Signage-1.webp,mprint,3D-Gold-Plated-Signage
mod_v3_3D-Letters-Standee-5.webp,F:\Antigravity Images\MPrintHouse_Processed\mod_v3_3D-Letters-Standee-5.webp,mprint,3D-Letters-Standee
mod_v3_3D-Marquee-Signage-3.webp,F:\Antigravity Images\MPrintHouse_Processed\mod_v3_3D-Marquee-Signage-3.webp,mprint,3D-Marquee-Signage
mod_v3_3D-Stainless-Steel-SS-Signage-5.webp,F:\Antigravity Images\MPrintHouse_Processed\mod_v3_3D-Stainless-Steel-SS-Signage-5.webp,mprint,3D-Stainless-Steel-(SS)-Signage
mod_v3_3D-Vertical-Signage-2.webp,F:\Antigravity Images\MPrintHouse_Processed\mod_v3_3D-Vertical-Signage-2.webp,mprint,3D-Vertical-Signage-Signboard
mod_v3_Acrylic-Cutout-Letters-Signage-4.webp,F:\Antigravity Images\MPrintHouse_Processed\mod_v3_Acrylic-Cutout-Letters-Signage-4.webp,mprint,Acrylic-Cutout-Letters-Signage
mod_v3_Acrylic-Letters-Signage-UAE-1.webp,F:\Antigravity Images\MPrintHouse_Processed\mod_v3_Acrylic-Letters-Signage-UAE-1.webp,mprint,Acrylic-Letters-Signage-(UAE)
mod_v3_Acrylic-Sandwich-Signage-1.webp,F:\Antigravity Images\MPrintHouse_Processed\mod_v3_Acrylic-Sandwich-Signage-1.webp,mprint,Acrylic-Sandwich-Signage
mod_v3_Backlit-3D-1.webp,F:\Antigravity Images\MPrintHouse_Processed\mod_v3_Backlit-3D-1.webp,mprint,Backlit-3D-Letters-&-Logos
mod_v3_Digital-Kiosk-4.webp,F:\Antigravity Images\MPrintHouse_Processed\mod_v3_Digital-Kiosk-4.webp,mprint,Digital-Kiosk
mod_v3_Directory-Signage-Indoor-1.webp,F:\Antigravity Images\MPrintHouse_Processed\mod_v3_Directory-Signage-Indoor-1.webp,mprint,Directory-Signage-Indoor
mod_v3_Directory-Signage-Outdoor-1.webp,F:\Antigravity Images\MPrintHouse_Processed\mod_v3_Directory-Signage-Outdoor-1.webp,mprint,Directory-Signage-Outdoor
mod_v3_Flex-Face-Signage-3.webp,F:\Antigravity Images\MPrintHouse_Processed\mod_v3_Flex-Face-Signage-3.webp,mprint,Flex-Face-Signage
mod_v3_Styrofoam-Carving-4.webp,F:\Antigravity Images\MPrintHouse_Processed\mod_v3_Styrofoam-Carving-4.webp,mprint,Forex-_-Foam-Letters-_-Styrofoam-Carving
mod_v3_Frontlit-3D-1.webp,F:\Antigravity Images\MPrintHouse_Processed\mod_v3_Frontlit-3D-1.webp,mprint,Frontlit-3D-Letters-&-Logos
mod_v3_Wall-Signage-1.webp,F:\Antigravity Images\MPrintHouse_Processed\mod_v3_Wall-Signage-1.webp,mprint,General-Wall-Mounted-Signage
mod_v3_Hanging-Signage-5.webp,F:\Antigravity Images\MPrintHouse_Processed\mod_v3_Hanging-Signage-5.webp,mprint,Hanging-Signage
mod_v3_Billboard-Signboard-3.webp,F:\Antigravity Images\MPrintHouse_Processed\mod_v3_Billboard-Signboard-3.webp,mprint,Hoarding-–-Billboard-Signboard
mod_v3_Indoor-LED-Screen-Signage-5.webp,F:\Antigravity Images\MPrintHouse_Processed\mod_v3_Indoor-LED-Screen-Signage-5.webp,mprint,Indoor-LED-Screen-Signage
mod_v3_LED-Display-Banners-1.webp,F:\Antigravity Images\MPrintHouse_Processed\mod_v3_LED-Display-Banners-1.webp,mprint,LED-Display-Banners
mod_v3_LED-Screen-Module-3.webp,F:\Antigravity Images\MPrintHouse_Processed\mod_v3_LED-Screen-Module-3.webp,mprint,LED-Screen-Module
mod_v3_led-ticker-display.webp,F:\Antigravity Images\MPrintHouse_Processed\mod_v3_led-ticker-display.webp,mprint,LED-Ticker-Display
mod_v3_Metal-Letters-Signage-1.webp,F:\Antigravity Images\MPrintHouse_Processed\mod_v3_Metal-Letters-Signage-1.webp,mprint,Metal-Letters-Signage
mod_v3_Name-Plate-Signage-–-Laser-Engraving-2.webp,F:\Antigravity Images\MPrintHouse_Processed\mod_v3_Name-Plate-Signage-–-Laser-Engraving-2.webp,mprint,Name-Plate-Signage-–-Laser-Engraving
mod_v3_Neon-3D-Signage-1.webp,F:\Antigravity Images\MPrintHouse_Processed\mod_v3_Neon-3D-Signage-1.webp,mprint,Neon-3D-Signage
mod_v3_Office-Door-Signage-5.webp,F:\Antigravity Images\MPrintHouse_Processed\mod_v3_Office-Door-Signage-5.webp,mprint,Office-Door-Signage
mod_v3_Outdoor-LED-Screen-Signage-1.webp,F:\Antigravity Images\MPrintHouse_Processed\mod_v3_Outdoor-LED-Screen-Signage-1.webp,mprint,Outdoor-LED-Screen-Signage
mod_v3_Outlit-3D-Signage-5.webp,F:\Antigravity Images\MPrintHouse_Processed\mod_v3_Outlit-3D-Signage-5.webp,mprint,Outlit-3D-Signage
mod_v3_Project-Signage-for-Construction-Sites-1.webp,F:\Antigravity Images\MPrintHouse_Processed\mod_v3_Project-Signage-for-Construction-Sites-1.webp,mprint,Project-Signage-for-Construction-Sites
mod_v3_Push-Through-3D-Letters-3.webp,F:\Antigravity Images\MPrintHouse_Processed\mod_v3_Push-Through-3D-Letters-3.webp,mprint,Push-Through-3D-Signage
mod_v3_Unipole-Signage-5.webp,F:\Antigravity Images\MPrintHouse_Processed\mod_v3_Unipole-Signage-5.webp,mprint,Pylon_Unipole-Signage
mod_v3_Reception-Signage-–-Signboard-2.webp,F:\Antigravity Images\MPrintHouse_Processed\mod_v3_Reception-Signage-–-Signboard-2.webp,mprint,Reception-Signage
mod_v3_Self-Standing-Signs-5.webp,F:\Antigravity Images\MPrintHouse_Processed\mod_v3_Self-Standing-Signs-5.webp,mprint,Self-Standing-Signs
mod_v3_Shop-Signage-–-Signboard-3.webp,F:\Antigravity Images\MPrintHouse_Processed\mod_v3_Shop-Signage-–-Signboard-3.webp,mprint,Shop-Signage-–-Signboard
mod_v3_Soft-LED-Screen-Display-2.webp,F:\Antigravity Images\MPrintHouse_Processed\mod_v3_Soft-LED-Screen-Display-2.webp,mprint,Soft-LED-Screen-Display
mod_v3_Unlit-3D-Letters-Logos-4.webp,F:\Antigravity Images\MPrintHouse_Processed\mod_v3_Unlit-3D-Letters-Logos-4.webp,mprint,Unlit-3D-Letters-&-Logos
mod_v3_Wall-Mounted-Directional-Signs-4.webp,F:\Antigravity Images\MPrintHouse_Processed\mod_v3_Wall-Mounted-Directional-Signs-4.webp,mprint,Wall-Mounted-Directional-Signs
mod_v3_Wayfinding-Signage-Signboard-5.webp,F:\Antigravity Images\MPrintHouse_Processed\mod_v3_Wayfinding-Signage-Signboard-5.webp,mprint,Wayfinding-Signage-Signboard
mod_v3_Wooden-Cutout-Letters-1.webp,F:\Antigravity Images\MPrintHouse_Processed\mod_v3_Wooden-Cutout-Letters-1.webp,mprint,Wooden-Cutout-Letters-Signboard
mod_v3_Wooden-Letters-2.webp,F:\Antigravity Images\MPrintHouse_Processed\mod_v3_Wooden-Letters-2.webp,mprint,Wooden-Letters
mod_v3_Aluminum-Promotional-Table-1.webp,F:\Antigravity Images\MPrintHouse_Processed\mod_v3_Aluminum-Promotional-Table-1.webp,mprint,Aluminum-Promotional-Table
mod_v3_283.webp,F:\Antigravity Images\MPrintHouse_Processed\mod_v3_283.webp,mprint,Branded-Merchandise-&-Giveaways
mod_v3_Cardboard-Cutout-Standee-3.webp,F:\Antigravity Images\MPrintHouse_Processed\mod_v3_Cardboard-Cutout-Standee-3.webp,mprint,Cardboard-Cutout-Standee
mod_v3_Corner-Booths-1.webp,F:\Antigravity Images\MPrintHouse_Processed\mod_v3_Corner-Booths-1.webp,mprint,Corner-Booths
mod_v3_206.webp,F:\Antigravity Images\MPrintHouse_Processed\mod_v3_206.webp,mprint,Custom-Stands
mod_v3_Customized-Exhibition-Booth-Stand-1.webp,F:\Antigravity Images\MPrintHouse_Processed\mod_v3_Customized-Exhibition-Booth-Stand-1.webp,mprint,Customized-Exhibition-Booth-Stand
mod_v3_1m-print-listing-half.webp,F:\Antigravity Images\MPrintHouse_Processed\mod_v3_1m-print-listing-half.webp,mprint,Customized-Life-Size-Cutout
mod_v3_Double-Decker-Booths-5.webp,F:\Antigravity Images\MPrintHouse_Processed\mod_v3_Double-Decker-Booths-5.webp,mprint,Double-Decker-Booths
mod_v3_227.webp,F:\Antigravity Images\MPrintHouse_Processed\mod_v3_227.webp,mprint,Double-Decker-Stands
mod_v3_233-1.webp,F:\Antigravity Images\MPrintHouse_Processed\mod_v3_233-1.webp,mprint,Entrance-Arches-&-Welcome-Displays
mod_v3_266-1.webp,F:\Antigravity Images\MPrintHouse_Processed\mod_v3_266-1.webp,mprint,Event-Party-Props
mod_v3_241-1.webp,F:\Antigravity Images\MPrintHouse_Processed\mod_v3_241-1.webp,mprint,Exhibition-Stand-Gate-Entrance
mod_v3_198.webp,F:\Antigravity Images\MPrintHouse_Processed\mod_v3_198.webp,mprint,Fabric-Wristbands
mod_v3_237-1.webp,F:\Antigravity Images\MPrintHouse_Processed\mod_v3_237-1.webp,mprint,Floor-Graphics-&-Wall-Wraps
mod_v3_Foamboard-Cutout-Standee.webp,F:\Antigravity Images\MPrintHouse_Processed\mod_v3_Foamboard-Cutout-Standee.webp,mprint,Foamboard-Cutout-Standee
mod_v3_forex.webp,F:\Antigravity Images\MPrintHouse_Processed\mod_v3_forex.webp,mprint,Forex-Board-Cutout-Standee
mod_v3_Gazebo-Tent-Canopy-Dubai-4.webp,F:\Antigravity Images\MPrintHouse_Processed\mod_v3_Gazebo-Tent-Canopy-Dubai-4.webp,mprint,Gazebo-_-Tent-_-Canopy
mod_v3_islandbooth1-4.webp,F:\Antigravity Images\MPrintHouse_Processed\mod_v3_islandbooth1-4.webp,mprint,Island-Booths
mod_v3_m-print-listing-half.webp,F:\Antigravity Images\MPrintHouse_Processed\mod_v3_m-print-listing-half.webp,mprint,Life-Size-Cutout-Standee
mod_v3_1MDFWood-Cutout-Standee-3.webp,F:\Antigravity Images\MPrintHouse_Processed\mod_v3_1MDFWood-Cutout-Standee-3.webp,mprint,MDF_Wood-Cutout-Standee
mod_v3_Modular-Stands-3.webp,F:\Antigravity Images\MPrintHouse_Processed\mod_v3_Modular-Stands-3.webp,mprint,Modular-Stands
mod_v3_Outdoor-Booths-2.webp,F:\Antigravity Images\MPrintHouse_Processed\mod_v3_Outdoor-Booths-2.webp,mprint,Outdoor-Booths
mod_v3_Outdoor-Stands-1.webp,F:\Antigravity Images\MPrintHouse_Processed\mod_v3_Outdoor-Stands-1.webp,mprint,Outdoor-Stands
mod_v3_Peninsula-Booths-3.webp,F:\Antigravity Images\MPrintHouse_Processed\mod_v3_Peninsula-Booths-3.webp,mprint,Peninsula-Booths
mod_v3_268-1.webp,F:\Antigravity Images\MPrintHouse_Processed\mod_v3_268-1.webp,mprint,Photo-Booth-Props
mod_v3_211.webp,F:\Antigravity Images\MPrintHouse_Processed\mod_v3_211.webp,mprint,Pop-Up-Stands
mod_v3_Promotional-Table-Standard.webp,F:\Antigravity Images\MPrintHouse_Processed\mod_v3_Promotional-Table-Standard.webp,mprint,Promotional-Table
mod_v3_Shell-Scheme-Stands-1.webp,F:\Antigravity Images\MPrintHouse_Processed\mod_v3_Shell-Scheme-Stands-1.webp,mprint,Shell-Scheme-Stands
mod_v3_silicon-1.webp,F:\Antigravity Images\MPrintHouse_Processed\mod_v3_silicon-1.webp,mprint,Silicon-Wristbands
mod_v3_248.webp,F:\Antigravity Images\MPrintHouse_Processed\mod_v3_248.webp,mprint,Social-Media-Frames
mod_v3_254-1.webp,F:\Antigravity Images\MPrintHouse_Processed\mod_v3_254-1.webp,mprint,Spin-Wheel-_-Fortune-Wheel
mod_v3_Stage-1.webp,F:\Antigravity Images\MPrintHouse_Processed\mod_v3_Stage-1.webp,mprint,Stage-Backdrops-&-Branding
mod_v3_Standard-Booths-2.webp,F:\Antigravity Images\MPrintHouse_Processed\mod_v3_Standard-Booths-2.webp,mprint,Standard-Booths
mod_v3_Table-Cloth-Cover-Printing-3.webp,F:\Antigravity Images\MPrintHouse_Processed\mod_v3_Table-Cloth-Cover-Printing-3.webp,mprint,Table-Cloth-Printing
mod_v3_Table-Tents-3.webp,F:\Antigravity Images\MPrintHouse_Processed\mod_v3_Table-Tents-3.webp,mprint,Table-Tents
mod_v3_Toblerone-Standees-3.webp,F:\Antigravity Images\MPrintHouse_Processed\mod_v3_Toblerone-Standees-3.webp,mprint,Toblerone-Standees
mod_v3_289.webp,F:\Antigravity Images\MPrintHouse_Processed\mod_v3_289.webp,mprint,Tyvek-Wristbands
mod_v3_228-1.webp,F:\Antigravity Images\MPrintHouse_Processed\mod_v3_228-1.webp,mprint,Venue-Signage-&-Wayfinding
mod_v3_vinyl.webp,F:\Antigravity Images\MPrintHouse_Processed\mod_v3_vinyl.webp,mprint,Vinyl_Waterproof-Wristbands
mod_v3_242-1.webp,F:\Antigravity Images\MPrintHouse_Processed\mod_v3_242-1.webp,mprint,Wedding-entrance-arch
mod_v3_Event-Party-Props-2.webp,F:\Antigravity Images\MPrintHouse_Processed\mod_v3_Event-Party-Props-2.webp,mprint,Wedding-Party-Props
mod_v3_Acrylic-Sandwich-Poster-5.webp,F:\Antigravity Images\MPrintHouse_Processed\mod_v3_Acrylic-Sandwich-Poster-5.webp,mprint,Acrylic-Sandwich-Poster
mod_v3_Acrylic-Wall-Decor-2.webp,F:\Antigravity Images\MPrintHouse_Processed\mod_v3_Acrylic-Wall-Decor-2.webp,mprint,Acrylic-Wall-Decor
mod_v3_Flat-Frosted-film-4.webp,F:\Antigravity Images\MPrintHouse_Processed\mod_v3_Flat-Frosted-film-4.webp,mprint,Blank-–-Flat-Frosted-film
mod_v3_Building-Wrap-4.webp,F:\Antigravity Images\MPrintHouse_Processed\mod_v3_Building-Wrap-4.webp,mprint,Building-Wrap-Sticker-Printing
mod_v3_Burger-Boxes-3.webp,F:\Antigravity Images\MPrintHouse_Processed\mod_v3_Burger-Boxes-3.webp,mprint,Burger-Boxes
mod_v3_Canvas-Aluminum-Frame-1.webp,F:\Antigravity Images\MPrintHouse_Processed\mod_v3_Canvas-Aluminum-Frame-1.webp,mprint,Canvas-Aluminum-Frame
mod_v3_Canvas-PVC-Frame-2.webp,F:\Antigravity Images\MPrintHouse_Processed\mod_v3_Canvas-PVC-Frame-2.webp,mprint,Canvas-PVC-Frame
mod_v3_Canvas-Wooden-Frame-2.webp,F:\Antigravity Images\MPrintHouse_Processed\mod_v3_Canvas-Wooden-Frame-2.webp,mprint,Canvas-Wooden-Frame
mod_v3_Custom-Canvas-Framing-1.webp,F:\Antigravity Images\MPrintHouse_Processed\mod_v3_Custom-Canvas-Framing-1.webp,mprint,Custom-Canvas-Framing
mod_v3_Custom-Photo-Print-4.webp,F:\Antigravity Images\MPrintHouse_Processed\mod_v3_Custom-Photo-Print-4.webp,mprint,Custom-Photo-Print
mod_v3_Custom-Tote-Bags-4.webp,F:\Antigravity Images\MPrintHouse_Processed\mod_v3_Custom-Tote-Bags-4.webp,mprint,Custom-Tote-Bags
mod_v3_Customized-Printed-Wallpaper-4.webp,F:\Antigravity Images\MPrintHouse_Processed\mod_v3_Customized-Printed-Wallpaper-4.webp,mprint,Customized-Printed-Wallpaper
mod_v3_Digital-Printed-Frosted-Sticker-3.webp,F:\Antigravity Images\MPrintHouse_Processed\mod_v3_Digital-Printed-Frosted-Sticker-3.webp,mprint,Digital-Printed-Frosted-Sticker
mod_v3_flor-sticker-5.webp,F:\Antigravity Images\MPrintHouse_Processed\mod_v3_flor-sticker-5.webp,mprint,Floor-Sticker-Printing
mod_v3_Foam-Board-Printing-4.webp,F:\Antigravity Images\MPrintHouse_Processed\mod_v3_Foam-Board-Printing-4.webp,mprint,Foam-Board-Printing
mod_v3_forex-board-1.webp,F:\Antigravity Images\MPrintHouse_Processed\mod_v3_forex-board-1.webp,mprint,Forex-Board-Printing
mod_v3_404.webp,F:\Antigravity Images\MPrintHouse_Processed\mod_v3_404.webp,mprint,Gift-Boxes
mod_v3_glass-sticker-4.webp,F:\Antigravity Images\MPrintHouse_Processed\mod_v3_glass-sticker-4.webp,mprint,Glass-Sticker-Printing
mod_v3_gradiant-3.webp,F:\Antigravity Images\MPrintHouse_Processed\mod_v3_gradiant-3.webp,mprint,Gradient-Frosted-Sticker
mod_v3_Grass-Wall-Decor-4.webp,F:\Antigravity Images\MPrintHouse_Processed\mod_v3_Grass-Wall-Decor-4.webp,mprint,Grass-Wall-Decor
mod_v3_Hanging-Poster-5.webp,F:\Antigravity Images\MPrintHouse_Processed\mod_v3_Hanging-Poster-5.webp,mprint,Hanging-Poster
mod_v3_heat-3.webp,F:\Antigravity Images\MPrintHouse_Processed\mod_v3_heat-3.webp,mprint,Heat-Control-Film
mod_v3_Magnetic-Cutout-Sticker-3.webp,F:\Antigravity Images\MPrintHouse_Processed\mod_v3_Magnetic-Cutout-Sticker-3.webp,mprint,Magnetic-Cutout-Sticker
mod_v3_mailer-box-1.webp,F:\Antigravity Images\MPrintHouse_Processed\mod_v3_mailer-box-1.webp,mprint,Mailer-Boxes
mod_v3_mirror-5.webp,F:\Antigravity Images\MPrintHouse_Processed\mod_v3_mirror-5.webp,mprint,Mirror-Window-Film
mod_v3_one-way-2.webp,F:\Antigravity Images\MPrintHouse_Processed\mod_v3_one-way-2.webp,mprint,One-Way-Vision-Film-Graphics
mod_v3_Pillar-Sticker-Branding-2.webp,F:\Antigravity Images\MPrintHouse_Processed\mod_v3_Pillar-Sticker-Branding-2.webp,mprint,Pillar-Sticker-Branding
mod_v3_ploter-cut-2.webp,F:\Antigravity Images\MPrintHouse_Processed\mod_v3_ploter-cut-2.webp,mprint,Plotter-Cut-Frosted-Sticker
mod_v3_plotter-cutt-5.webp,F:\Antigravity Images\MPrintHouse_Processed\mod_v3_plotter-cutt-5.webp,mprint,Plotter-Cut-Sticker
mod_v3_poster-1.webp,F:\Antigravity Images\MPrintHouse_Processed\mod_v3_poster-1.webp,mprint,Poster-Printing
mod_v3_Print-and-Cut-Frosted-Sticker-1.webp,F:\Antigravity Images\MPrintHouse_Processed\mod_v3_Print-and-Cut-Frosted-Sticker-1.webp,mprint,Print-and-Cut-Frosted-Sticker
mod_v3_print-n-cut.webp,F:\Antigravity Images\MPrintHouse_Processed\mod_v3_print-n-cut.webp,mprint,Print-and-Cut-Sticker-Branding
mod_v3_Printed-Paper-Coffee-Cups-1.webp,F:\Antigravity Images\MPrintHouse_Processed\mod_v3_Printed-Paper-Coffee-Cups-1.webp,mprint,Printed-Paper-Coffee-Cups
mod_v3_PVC-Vinyl-Sticker-3.webp,F:\Antigravity Images\MPrintHouse_Processed\mod_v3_PVC-Vinyl-Sticker-3.webp,mprint,PVC-Vinyl-Sticker
mod_v3_Ready-Made-Wallpaper-2.webp,F:\Antigravity Images\MPrintHouse_Processed\mod_v3_Ready-Made-Wallpaper-2.webp,mprint,Ready-Made-Wallpaper
mod_v3_Reflective-Sticker-Printing-5.webp,F:\Antigravity Images\MPrintHouse_Processed\mod_v3_Reflective-Sticker-Printing-5.webp,mprint,Reflective-Sticker-Printing
mod_v3_rigid-boxes-3.webp,F:\Antigravity Images\MPrintHouse_Processed\mod_v3_rigid-boxes-3.webp,mprint,Rigid-Boxes
mod_v3_Self-Adhesive-Wallpaper-5.webp,F:\Antigravity Images\MPrintHouse_Processed\mod_v3_Self-Adhesive-Wallpaper-5.webp,mprint,Self-Adhesive-Wallpaper
mod_v3_tinted-2.webp,F:\Antigravity Images\MPrintHouse_Processed\mod_v3_tinted-2.webp,mprint,Tinted-Window-Film
mod_v3_Transparent-–-Clear-Vinyl-Sticker-4.webp,F:\Antigravity Images\MPrintHouse_Processed\mod_v3_Transparent-–-Clear-Vinyl-Sticker-4.webp,mprint,Transparent-–-Clear-Vinyl-Sticker
mod_v3_Wall-Photo-Frame-3.webp,F:\Antigravity Images\MPrintHouse_Processed\mod_v3_Wall-Photo-Frame-3.webp,mprint,Wall-Photo-Frame
mod_v3_Wall-Sticker-Printing-1.webp,F:\Antigravity Images\MPrintHouse_Processed\mod_v3_Wall-Sticker-Printing-1.webp,mprint,Wall-Sticker-Printing
mod_v3_tax-invoices-6.webp,F:\Antigravity Images\MPrintHouse_Processed\mod_v3_tax-invoices-6.webp,mprint,2-Part-NCR-Vouchers
mod_v3_3-part-ncrr-1.webp,F:\Antigravity Images\MPrintHouse_Processed\mod_v3_3-part-ncrr-1.webp,mprint,3-Part-NCR-Vouchers
mod_v3_booklet-printing-1.webp,F:\Antigravity Images\MPrintHouse_Processed\mod_v3_booklet-printing-1.webp,mprint,Booklet-Printing
mod_v3_branded-keychain-5.webp,F:\Antigravity Images\MPrintHouse_Processed\mod_v3_branded-keychain-5.webp,mprint,Branded-Keychains
mod_v3_brouher-1.webp,F:\Antigravity Images\MPrintHouse_Processed\mod_v3_brouher-1.webp,mprint,Brochure-Printing
mod_v3_brown-bag-printing-3.webp,F:\Antigravity Images\MPrintHouse_Processed\mod_v3_brown-bag-printing-3.webp,mprint,Brown-Paper-Bag-Printing
mod_v3_Calendar-Printing-2.webp,F:\Antigravity Images\MPrintHouse_Processed\mod_v3_Calendar-Printing-2.webp,mprint,Calendar-Printing
mod_v3_printing-cap-4.webp,F:\Antigravity Images\MPrintHouse_Processed\mod_v3_printing-cap-4.webp,mprint,Caps-Printing
mod_v3_Card-Holders-5.webp,F:\Antigravity Images\MPrintHouse_Processed\mod_v3_Card-Holders-5.webp,mprint,Card-Holders
mod_v3_catalogue-printing-2.webp,F:\Antigravity Images\MPrintHouse_Processed\mod_v3_catalogue-printing-2.webp,mprint,Catalogue-Printing
mod_v3_company-profile-printing-2.webp,F:\Antigravity Images\MPrintHouse_Processed\mod_v3_company-profile-printing-2.webp,mprint,Company-Profile-Printing
mod_v3_Computer-Stationery-Printing-2.webp,F:\Antigravity Images\MPrintHouse_Processed\mod_v3_Computer-Stationery-Printing-2.webp,mprint,Computer-Stationery-Printing
mod_v3_Corporate-Gift-Set-4.webp,F:\Antigravity Images\MPrintHouse_Processed\mod_v3_Corporate-Gift-Set-4.webp,mprint,Corporate-Gift-Set
mod_v3_Coupon-Printing-4.webp,F:\Antigravity Images\MPrintHouse_Processed\mod_v3_Coupon-Printing-4.webp,mprint,Coupon-Printing
mod_v3_Custom-Keychains-1.webp,F:\Antigravity Images\MPrintHouse_Processed\mod_v3_Custom-Keychains-1.webp,mprint,Custom-Keychains
mod_v3_custom-ncr-1.webp,F:\Antigravity Images\MPrintHouse_Processed\mod_v3_custom-ncr-1.webp,mprint,Custom-NCR-Books
mod_v3_Custom-Notebook-Printing-2.webp,F:\Antigravity Images\MPrintHouse_Processed\mod_v3_Custom-Notebook-Printing-2.webp,mprint,Custom-Notebook-Printing
mod_v3_certificate-printing-5.webp,F:\Antigravity Images\MPrintHouse_Processed\mod_v3_certificate-printing-5.webp,mprint,Custom-Printed-Certificates
mod_v3_seal-2.webp,F:\Antigravity Images\MPrintHouse_Processed\mod_v3_seal-2.webp,mprint,Custom-Seal
mod_v3_stamp-1.webp,F:\Antigravity Images\MPrintHouse_Processed\mod_v3_stamp-1.webp,mprint,Custom-Stamps
mod_v3_Delivery-Order-Book-1.webp,F:\Antigravity Images\MPrintHouse_Processed\mod_v3_Delivery-Order-Book-1.webp,mprint,Delivery-Order-Book
mod_v3_Dome-Name-Badges-5.webp,F:\Antigravity Images\MPrintHouse_Processed\mod_v3_Dome-Name-Badges-5.webp,mprint,Dome-Name-Badges
mod_v3_door-hanger-5.webp,F:\Antigravity Images\MPrintHouse_Processed\mod_v3_door-hanger-5.webp,mprint,Door-Hanger-Printing
mod_v3_emb-caps-4.webp,F:\Antigravity Images\MPrintHouse_Processed\mod_v3_emb-caps-4.webp,mprint,Embroidery-Caps
mod_v3_Envelope-Printing-1-1.webp,F:\Antigravity Images\MPrintHouse_Processed\mod_v3_Envelope-Printing-1-1.webp,mprint,Envelope-Printing
mod_v3_Event-Badges-5.webp,F:\Antigravity Images\MPrintHouse_Processed\mod_v3_Event-Badges-5.webp,mprint,Event-Badges
mod_v3_Fan-Scarf-1.webp,F:\Antigravity Images\MPrintHouse_Processed\mod_v3_Fan-Scarf-1.webp,mprint,Fan-Scarf
mod_v3_flyerr-2.webp,F:\Antigravity Images\MPrintHouse_Processed\mod_v3_flyerr-2.webp,mprint,Flyer-Printing
mod_v3_Folder-Printing-2.webp,F:\Antigravity Images\MPrintHouse_Processed\mod_v3_Folder-Printing-2.webp,mprint,Folder-Printing
mod_v3_ID-Cards-Printing-3.webp,F:\Antigravity Images\MPrintHouse_Processed\mod_v3_ID-Cards-Printing-3.webp,mprint,ID-Cards-Printing
mod_v3_lanyard-4.webp,F:\Antigravity Images\MPrintHouse_Processed\mod_v3_lanyard-4.webp,mprint,Lanyards
mod_v3_letter-head-pad-1.webp,F:\Antigravity Images\MPrintHouse_Processed\mod_v3_letter-head-pad-1.webp,mprint,Letterhead-Printing
mod_v3_m-sheet.webp,F:\Antigravity Images\MPrintHouse_Processed\mod_v3_m-sheet.webp,mprint,Magnetic-Sheet-Printing
mod_v3_Membership-Cards-4.webp,F:\Antigravity Images\MPrintHouse_Processed\mod_v3_Membership-Cards-4.webp,mprint,Membership-Cards
mod_v3_Menu-Printing-2.webp,F:\Antigravity Images\MPrintHouse_Processed\mod_v3_Menu-Printing-2.webp,mprint,Menu-Printing
mod_v3_mobile-printing-4.webp,F:\Antigravity Images\MPrintHouse_Processed\mod_v3_mobile-printing-4.webp,mprint,Mobile-covers-Branding
mod_v3_mouse-pad-5.webp,F:\Antigravity Images\MPrintHouse_Processed\mod_v3_mouse-pad-5.webp,mprint,Mouse-Pad-Branding
mod_v3_19-1.webp,F:\Antigravity Images\MPrintHouse_Processed\mod_v3_19-1.webp,mprint,Mugs-Branding
mod_v3_tax-invoices-6.webp,F:\Antigravity Images\MPrintHouse_Processed\mod_v3_tax-invoices-6.webp,mprint,Payment-Voucher-Book
mod_v3_pen-printing-6.webp,F:\Antigravity Images\MPrintHouse_Processed\mod_v3_pen-printing-6.webp,mprint,Pen-Branding
mod_v3_platic-metal-cards-2.webp,F:\Antigravity Images\MPrintHouse_Processed\mod_v3_platic-metal-cards-2.webp,mprint,Plastic-&-Metal-Business-Cards
mod_v3_standard-card-1.webp,F:\Antigravity Images\MPrintHouse_Processed\mod_v3_standard-card-1.webp,mprint,Premium-Business-Cards
mod_v3_receipt-book.webp,F:\Antigravity Images\MPrintHouse_Processed\mod_v3_receipt-book.webp,mprint,Receipt-Book
mod_v3_standard-card-3.webp,F:\Antigravity Images\MPrintHouse_Processed\mod_v3_standard-card-3.webp,mprint,Standard-Business-Cards
mod_v3_T-Shirt-Printing-3.webp,F:\Antigravity Images\MPrintHouse_Processed\mod_v3_T-Shirt-Printing-3.webp,mprint,T-Shirt-Printing
mod_v3_tag-prinitngg-5.webp,F:\Antigravity Images\MPrintHouse_Processed\mod_v3_tag-prinitngg-5.webp,mprint,Tags-Printing
mod_v3_tax-invoices-4.webp,F:\Antigravity Images\MPrintHouse_Processed\mod_v3_tax-invoices-4.webp,mprint,Tax-Invoice-Book
mod_v3_USB-Branding-3.webp,F:\Antigravity Images\MPrintHouse_Processed\mod_v3_USB-Branding-3.webp,mprint,USB-Branding
mod_v3_Window-Name-Badges-3.webp,F:\Antigravity Images\MPrintHouse_Processed\mod_v3_Window-Name-Badges-3.webp,mprint,Window-Name-Badges-(Plastic_Metal)
mod_v3_yacht-branding-3.webp,F:\Antigravity Images\MPrintHouse_Processed\mod_v3_yacht-branding-3.webp,mprint,Boat-_-Yachts-Branding
mod_v3_container-branding-3.webp,F:\Antigravity Images\MPrintHouse_Processed\mod_v3_container-branding-3.webp,mprint,Container-Branding
mod_v3_m-print-food-truck-branding-3.webp,F:\Antigravity Images\MPrintHouse_Processed\mod_v3_m-print-food-truck-branding-3.webp,mprint,Food-Truck-Branding
mod_v3_fv4.webp,F:\Antigravity Images\MPrintHouse_Processed\mod_v3_fv4.webp,mprint,Full-Vehicle-Branding
mod_v3_Partial-Vehicle-1.webp,F:\Antigravity Images\MPrintHouse_Processed\mod_v3_Partial-Vehicle-1.webp,mprint,Partial-Vehicle-Branding
mod_v3_spot-decal-25-1.webp,F:\Antigravity Images\MPrintHouse_Processed\mod_v3_spot-decal-25-1.webp,mprint,Spot-Decal-Vehicle-Branding
mod_v3_vinyl-lettering-1.webp,F:\Antigravity Images\MPrintHouse_Processed\mod_v3_vinyl-lettering-1.webp,mprint,Vinyl-Lettering-Vehicle-Branding
social_distancing_round_sticker_12.webp,F:\Master Image File\_Unclassified\social_distancing_round_sticker_12.webp,master,_Unclassified
color_borders_copy_15.jpg,F:\Master Image File\_Unclassified\color_borders_copy_15.jpg,master,_Unclassified
napa_cork_notebooks_printing_dubai.webp,F:\Master Image File\_Unclassified\napa_cork_notebooks_printing_dubai.webp,master,_Unclassified
IMG-20250128-WA0034.jpg,F:\Master Image File\_Unclassified\IMG-20250128-WA0034.jpg,master,_Unclassified
a0toa4rolls_2.png,F:\Master Image File\_Unclassified\a0toa4rolls_2.png,master,_Unclassified
WhatsApp Image 2022-06-23 at 6.51.22 PM.jpeg,F:\Master Image File\_Unclassified\WhatsApp Image 2022-06-23 at 6.51.22 PM.jpeg,master,_Unclassified
IMG-20230610-WA0001.jpg,F:\Master Image File\_Unclassified\IMG-20230610-WA0001.jpg,master,_Unclassified
social_distancing_posters_dubai_15.webp,F:\Master Image File\_Unclassified\social_distancing_posters_dubai_15.webp,master,_Unclassified
IMG-20230730-WA0032.jpg,F:\Master Image File\_Unclassified\IMG-20230730-WA0032.jpg,master,_Unclassified
Screenshot_20241218-232737.png,F:\Master Image File\_Unclassified\Screenshot_20241218-232737.png,master,_Unclassified
WhatsApp Image 2022-07-10 at 1.06.58 PM.jpeg,F:\Master Image File\_Unclassified\WhatsApp Image 2022-07-10 at 1.06.58 PM.jpeg,master,_Unclassified
metal_hook_lanyards_printing_dubai.webp,F:\Master Image File\_Unclassified\metal_hook_lanyards_printing_dubai.webp,master,_Unclassified
IMG-20250225-WA0149.jpg,F:\Master Image File\_Unclassified\IMG-20250225-WA0149.jpg,master,_Unclassified
20250702_090112000_iOS 1.jpg,F:\Master Image File\_Unclassified\20250702_090112000_iOS 1.jpg,master,_Unclassified
IMG-20240515-WA0004.jpg,F:\Master Image File\_Unclassified\IMG-20240515-WA0004.jpg,master,_Unclassified
IMG-20240722-WA0004.jpg,F:\Master Image File\_Unclassified\IMG-20240722-WA0004.jpg,master,_Unclassified
p2_1_1.jpg,F:\Master Image File\_Unclassified\p2_1_1.jpg,master,_Unclassified
Poster-printing-in-dubai2.jpg,F:\Master Image File\_Unclassified\Poster-printing-in-dubai2.jpg,master,_Unclassified
IMG-20240904-WA0020.jpg,F:\Master Image File\_Unclassified\IMG-20240904-WA0020.jpg,master,_Unclassified
IMG-20240219-WA0028.jpg,F:\Master Image File\_Unclassified\IMG-20240219-WA0028.jpg,master,_Unclassified
PHOTO-2024-11-21-07-45-42(1).jpg,F:\Master Image File\_Unclassified\PHOTO-2024-11-21-07-45-42(1).jpg,master,_Unclassified
IMG-20241023-WA0012.jpg,F:\Master Image File\_Unclassified\IMG-20241023-WA0012.jpg,master,_Unclassified
20251024_172141000_iOS.jpg,F:\Master Image File\_Unclassified\20251024_172141000_iOS.jpg,master,_Unclassified
20250918_010000000_iOS 1.jpg,F:\Master Image File\_Unclassified\20250918_010000000_iOS 1.jpg,master,_Unclassified
24hoursbusinesscards_1_without_clock.jpg,F:\Master Image File\_Unclassified\24hoursbusinesscards_1_without_clock.jpg,master,_Unclassified
20251107_095525000_iOS.jpg,F:\Master Image File\_Unclassified\20251107_095525000_iOS.jpg,master,_Unclassified
IMG-20240430-WA0033.jpg,F:\Master Image File\_Unclassified\IMG-20240430-WA0033.jpg,master,_Unclassified
IMG-20230713-WA0011.jpg,F:\Master Image File\_Unclassified\IMG-20230713-WA0011.jpg,master,_Unclassified
IMG-20240422-WA0002.jpg,F:\Master Image File\_Unclassified\IMG-20240422-WA0002.jpg,master,_Unclassified
store_wall_decal_dubai.jpg,F:\Master Image File\_Unclassified\store_wall_decal_dubai.jpg,master,_Unclassified
IMG-20240907-WA0006.jpg,F:\Master Image File\_Unclassified\IMG-20240907-WA0006.jpg,master,_Unclassified
content-block-sm-backup_2x.png,F:\Master Image File\_Unclassified\content-block-sm-backup_2x.png,master,_Unclassified
PHOTO-2025-12-07-16-24-14(1).jpg,F:\Master Image File\_Unclassified\PHOTO-2025-12-07-16-24-14(1).jpg,master,_Unclassified
IMG-20240221-WA0013.jpg,F:\Master Image File\_Unclassified\IMG-20240221-WA0013.jpg,master,_Unclassified
IMG-20230702-WA0003.jpg,F:\Master Image File\_Unclassified\IMG-20230702-WA0003.jpg,master,_Unclassified
kiss_cut_banner.jpg,F:\Master Image File\_Unclassified\kiss_cut_banner.jpg,master,_Unclassified
IMG-20240329-WA0030.jpg,F:\Master Image File\_Unclassified\IMG-20240329-WA0030.jpg,master,_Unclassified
carribean_polos_shirt_-_black_4.jpg,F:\Master Image File\_Unclassified\carribean_polos_shirt_-_black_4.jpg,master,_Unclassified
20250625_141907000_iOS 1.jpg,F:\Master Image File\_Unclassified\20250625_141907000_iOS 1.jpg,master,_Unclassified
sprint-board-banner-printing.webp,F:\Master Image File\_Unclassified\sprint-board-banner-printing.webp,master,_Unclassified
CloseX.png,F:\Master Image File\_Unclassified\CloseX.png,master,_Unclassified
clock-icon.png,F:\Master Image File\_Unclassified\clock-icon.png,master,_Unclassified
IMG-20240311-WA0022.jpg,F:\Master Image File\_Unclassified\IMG-20240311-WA0022.jpg,master,_Unclassified
20250913_082222000_iOS.jpg,F:\Master Image File\_Unclassified\20250913_082222000_iOS.jpg,master,_Unclassified
bc_096_big.webp,F:\Master Image File\_Unclassified\bc_096_big.webp,master,_Unclassified
IMG-20250329-WA0032.jpg,F:\Master Image File\_Unclassified\IMG-20250329-WA0032.jpg,master,_Unclassified
bukh_nbsn_101_3.png,F:\Master Image File\_Unclassified\bukh_nbsn_101_3.png,master,_Unclassified
20250814_103754000_iOS.jpg,F:\Master Image File\_Unclassified\20250814_103754000_iOS.jpg,master,_Unclassified
IMG-20250225-WA0125.jpg,F:\Master Image File\_Unclassified\IMG-20250225-WA0125.jpg,master,_Unclassified
Daw Alard Amend - Copy.png,F:\Master Image File\_Unclassified\Daw Alard Amend - Copy.png,master,_Unclassified
IMG-20240412-WA0013.jpg,F:\Master Image File\_Unclassified\IMG-20240412-WA0013.jpg,master,_Unclassified
20251112_131742000_iOS 1.jpg,F:\Master Image File\_Unclassified\20251112_131742000_iOS 1.jpg,master,_Unclassified
IMG-20231214-WA0019.jpg,F:\Master Image File\_Unclassified\IMG-20231214-WA0019.jpg,master,_Unclassified
IMG-20241101-WA0007.jpg,F:\Master Image File\_Unclassified\IMG-20241101-WA0007.jpg,master,_Unclassified
IMG-20230914-WA0002.jpg,F:\Master Image File\_Unclassified\IMG-20230914-WA0002.jpg,master,_Unclassified
cc148b396746cdaa4238df9fdd92ddbf.jpg,F:\Master Image File\_Unclassified\cc148b396746cdaa4238df9fdd92ddbf.jpg,master,_Unclassified
IMG-20240208-WA0007.jpg,F:\Master Image File\_Unclassified\IMG-20240208-WA0007.jpg,master,_Unclassified
bc_051_big.webp,F:\Master Image File\_Unclassified\bc_051_big.webp,master,_Unclassified
IMG-20250209-WA0082.jpg,F:\Master Image File\_Unclassified\IMG-20250209-WA0082.jpg,master,_Unclassified
IMG-20240417-WA0018.jpg,F:\Master Image File\_Unclassified\IMG-20240417-WA0018.jpg,master,_Unclassified
IMG-20240417-WA0014.jpg,F:\Master Image File\_Unclassified\IMG-20240417-WA0014.jpg,master,_Unclassified
main_image_jt_201_n_1.jpg,F:\Master Image File\_Unclassified\main_image_jt_201_n_1.jpg,master,_Unclassified
IMG-20230531-WA0008.jpg,F:\Master Image File\_Unclassified\IMG-20230531-WA0008.jpg,master,_Unclassified
whatsapp_image_2019-09-01_at_12.39.41_pm.jpeg,F:\Master Image File\_Unclassified\whatsapp_image_2019-09-01_at_12.39.41_pm.jpeg,master,_Unclassified
Screenshot_20250302-113731.png,F:\Master Image File\_Unclassified\Screenshot_20250302-113731.png,master,_Unclassified
globalnav_links_support_image__bw9kctll7u3m_small.png,F:\Master Image File\_Unclassified\globalnav_links_support_image__bw9kctll7u3m_small.png,master,_Unclassified
IMG-20250325-WA0001.jpg,F:\Master Image File\_Unclassified\IMG-20250325-WA0001.jpg,master,_Unclassified
IMG-20231204-WA0005.jpg,F:\Master Image File\_Unclassified\IMG-20231204-WA0005.jpg,master,_Unclassified
20250827_131550000_iOS.jpg,F:\Master Image File\_Unclassified\20250827_131550000_iOS.jpg,master,_Unclassified
IMG_20250404_150053_674.jpg,F:\Master Image File\_Unclassified\IMG_20250404_150053_674.jpg,master,_Unclassified
20251106_152929000_iOS.jpg,F:\Master Image File\_Unclassified\20251106_152929000_iOS.jpg,master,_Unclassified
20250911_125721000_iOS 1.jpg,F:\Master Image File\_Unclassified\20250911_125721000_iOS 1.jpg,master,_Unclassified
a3_envelope_printing_dubai.webp,F:\Master Image File\_Unclassified\a3_envelope_printing_dubai.webp,master,_Unclassified
IMG-20241128-WA0001.jpg,F:\Master Image File\_Unclassified\IMG-20241128-WA0001.jpg,master,_Unclassified
IMG_20230923_170033.jpg,F:\Master Image File\_Unclassified\IMG_20230923_170033.jpg,master,_Unclassified
certificates_1.jpg,F:\Master Image File\_Unclassified\certificates_1.jpg,master,_Unclassified
1000069059.jpg,F:\Master Image File\_Unclassified\1000069059.jpg,master,_Unclassified
whisper-fabric-dubai-01.webp,F:\Master Image File\_Unclassified\whisper-fabric-dubai-01.webp,master,_Unclassified
Screenshot_20250424-101728.png,F:\Master Image File\_Unclassified\Screenshot_20250424-101728.png,master,_Unclassified
12_-_1.jpg,F:\Master Image File\_Unclassified\12_-_1.jpg,master,_Unclassified
IMG_20230923_182434.jpg,F:\Master Image File\_Unclassified\IMG_20230923_182434.jpg,master,_Unclassified
IMG-20240501-WA0057.jpg,F:\Master Image File\_Unclassified\IMG-20240501-WA0057.jpg,master,_Unclassified
n26ton34.jpg,F:\Master Image File\_Unclassified\n26ton34.jpg,master,_Unclassified
2_21.png,F:\Master Image File\_Unclassified\2_21.png,master,_Unclassified
20250810_054207000_iOS.jpg,F:\Master Image File\_Unclassified\20250810_054207000_iOS.jpg,master,_Unclassified
20250715_064806000_iOS.jpg,F:\Master Image File\_Unclassified\20250715_064806000_iOS.jpg,master,_Unclassified
car_magnets_office.jpg,F:\Master Image File\_Unclassified\car_magnets_office.jpg,master,_Unclassified
p1_3_17.jpg,F:\Master Image File\_Unclassified\p1_3_17.jpg,master,_Unclassified
IMG-20241204-WA0015.jpg,F:\Master Image File\_Unclassified\IMG-20241204-WA0015.jpg,master,_Unclassified
20250913_121039000_iOS.jpg,F:\Master Image File\_Unclassified\20250913_121039000_iOS.jpg,master,_Unclassified
p3_2.jpg,F:\Master Image File\_Unclassified\p3_2.jpg,master,_Unclassified
stress_ball_prod_2.jpg,F:\Master Image File\_Unclassified\stress_ball_prod_2.jpg,master,_Unclassified
a1_size_posters_dubai.jpg,F:\Master Image File\_Unclassified\a1_size_posters_dubai.jpg,master,_Unclassified
Screenshot_20260121_124056_Gmail.jpg,F:\Master Image File\_Unclassified\Screenshot_20260121_124056_Gmail.jpg,master,_Unclassified
Screenshot_20250523-213428.png,F:\Master Image File\_Unclassified\Screenshot_20250523-213428.png,master,_Unclassified
IMG-20230114-WA0002.jpg,F:\Master Image File\_Unclassified\IMG-20230114-WA0002.jpg,master,_Unclassified
classic_1.jpg,F:\Master Image File\_Unclassified\classic_1.jpg,master,_Unclassified
blue-rose.jpg,F:\Master Image File\_Unclassified\blue-rose.jpg,master,_Unclassified
p2_3_14_1.jpg,F:\Master Image File\_Unclassified\p2_3_14_1.jpg,master,_Unclassified
20251028_152130000_iOS.jpg,F:\Master Image File\_Unclassified\20251028_152130000_iOS.jpg,master,_Unclassified
IMG-20230310-WA0005.jpg,F:\Master Image File\_Unclassified\IMG-20230310-WA0005.jpg,master,_Unclassified
IMG-20230703-WA0025.jpg,F:\Master Image File\_Unclassified\IMG-20230703-WA0025.jpg,master,_Unclassified
IMG-20230814-WA0084.jpg,F:\Master Image File\_Unclassified\IMG-20230814-WA0084.jpg,master,_Unclassified
1_14_1.jpg,F:\Master Image File\_Unclassified\1_14_1.jpg,master,_Unclassified
tile-split-supportapp.image.large_2x.png,F:\Master Image File\_Unclassified\tile-split-supportapp.image.large_2x.png,master,_Unclassified
IMG_20230923_170146.jpg,F:\Master Image File\_Unclassified\IMG_20230923_170146.jpg,master,_Unclassified
grid-nav-icon-repair-apple-vision-pro_2x.png,F:\Master Image File\_Unclassified\grid-nav-icon-repair-apple-vision-pro_2x.png,master,_Unclassified
20251124_065725000_iOS.jpg,F:\Master Image File\_Unclassified\20251124_065725000_iOS.jpg,master,_Unclassified
1000058166.jpg,F:\Master Image File\_Unclassified\1000058166.jpg,master,_Unclassified
IMG-20240712-WA0022.jpg,F:\Master Image File\_Unclassified\IMG-20240712-WA0022.jpg,master,_Unclassified
IMG-20240311-WA0002.jpg,F:\Master Image File\_Unclassified\IMG-20240311-WA0002.jpg,master,_Unclassified
social_distancing_print_n_cut_sticker_24.webp,F:\Master Image File\_Unclassified\social_distancing_print_n_cut_sticker_24.webp,master,_Unclassified
1000068918.jpg,F:\Master Image File\_Unclassified\1000068918.jpg,master,_Unclassified
20251110_121048000_iOS.jpg,F:\Master Image File\_Unclassified\20251110_121048000_iOS.jpg,master,_Unclassified
20260116_164059.jpg,F:\Master Image File\_Unclassified\20260116_164059.jpg,master,_Unclassified
20250714_053809000_iOS 1.jpg,F:\Master Image File\_Unclassified\20250714_053809000_iOS 1.jpg,master,_Unclassified
Screenshot_20250114-205536.png,F:\Master Image File\_Unclassified\Screenshot_20250114-205536.png,master,_Unclassified
car_parking_sticker.webp,F:\Master Image File\_Unclassified\car_parking_sticker.webp,master,_Unclassified
metallic-foil-invitation-two.png,F:\Master Image File\_Unclassified\metallic-foil-invitation-two.png,master,_Unclassified
6_pink_roses_in_black_bag_v_1.png,F:\Master Image File\_Unclassified\6_pink_roses_in_black_bag_v_1.png,master,_Unclassified
Javed Canadian Passport latest 2024.jpeg,F:\Master Image File\_Unclassified\Javed Canadian Passport latest 2024.jpeg,master,_Unclassified
Adorable Mothers Day Arrangement Pot #1.jpg,F:\Master Image File\_Unclassified\Adorable Mothers Day Arrangement Pot #1.jpg,master,_Unclassified
1_60_5.png,F:\Master Image File\_Unclassified\1_60_5.png,master,_Unclassified
foam_cutout.jpg,F:\Master Image File\_Unclassified\foam_cutout.jpg,master,_Unclassified
degree_frame_dubai.webp,F:\Master Image File\_Unclassified\degree_frame_dubai.webp,master,_Unclassified
IMG-20240305-WA0016.jpg,F:\Master Image File\_Unclassified\IMG-20240305-WA0016.jpg,master,_Unclassified
IMG-20231220-WA0002.jpg,F:\Master Image File\_Unclassified\IMG-20231220-WA0002.jpg,master,_Unclassified
IMG-20250225-WA0135.jpg,F:\Master Image File\_Unclassified\IMG-20250225-WA0135.jpg,master,_Unclassified
25E6.png,F:\Master Image File\_Unclassified\25E6.png,master,_Unclassified
3d_acrylic_signage_dubai.jpg,F:\Master Image File\_Unclassified\3d_acrylic_signage_dubai.jpg,master,_Unclassified
icon-poster.jpg,F:\Master Image File\_Unclassified\icon-poster.jpg,master,_Unclassified
IMG-20241116-WA0044.jpg,F:\Master Image File\_Unclassified\IMG-20241116-WA0044.jpg,master,_Unclassified
freestandingstand_prod_1.jpg,F:\Master Image File\_Unclassified\freestandingstand_prod_1.jpg,master,_Unclassified
-dwxd_618_xd_drinkware_smooblen_smoothie_blender_with_bottle_comment.jpg,F:\Master Image File\_Unclassified\-dwxd_618_xd_drinkware_smooblen_smoothie_blender_with_bottle_comment.jpg,master,_Unclassified
IMG-20240128-WA0053.jpg,F:\Master Image File\_Unclassified\IMG-20240128-WA0053.jpg,master,_Unclassified
IMG-20241228-WA0025.jpg,F:\Master Image File\_Unclassified\IMG-20241228-WA0025.jpg,master,_Unclassified
IMG-20230322-WA0004.jpg,F:\Master Image File\_Unclassified\IMG-20230322-WA0004.jpg,master,_Unclassified
one_way_vision_sticker_dubai.jpg,F:\Master Image File\_Unclassified\one_way_vision_sticker_dubai.jpg,master,_Unclassified
Screenshot_20250816_120317_WhatsAppBusiness.jpg,F:\Master Image File\_Unclassified\Screenshot_20250816_120317_WhatsAppBusiness.jpg,master,_Unclassified
bc_010_big_A.webp,F:\Master Image File\_Unclassified\bc_010_big_A.webp,master,_Unclassified
IMG-20230403-WA0003.jpg,F:\Master Image File\_Unclassified\IMG-20230403-WA0003.jpg,master,_Unclassified
20250827_170622000_iOS.jpg,F:\Master Image File\_Unclassified\20250827_170622000_iOS.jpg,master,_Unclassified
merchantjaved_camera 4@D08387608_YolifeDOM_20210409095540_20210409095546_624478.jpg,F:\Master Image File\_Unclassified\merchantjaved_camera 4@D08387608_YolifeDOM_20210409095540_20210409095546_624478.jpg,master,_Unclassified
IMG-20241101-WA0010.jpg,F:\Master Image File\_Unclassified\IMG-20241101-WA0010.jpg,master,_Unclassified
file-prep-0001.png,F:\Master Image File\_Unclassified\file-prep-0001.png,master,_Unclassified
IMG-20230523-WA0037.jpeg,F:\Master Image File\_Unclassified\IMG-20230523-WA0037.jpeg,master,_Unclassified
usub_5681_5784_bndl_02_cd_1_3.jpg,F:\Master Image File\_Unclassified\usub_5681_5784_bndl_02_cd_1_3.jpg,master,_Unclassified
petty_cash_voucher_printing_dubai_004.webp,F:\Master Image File\_Unclassified\petty_cash_voucher_printing_dubai_004.webp,master,_Unclassified
Screenshot_20250130-090411.png,F:\Master Image File\_Unclassified\Screenshot_20250130-090411.png,master,_Unclassified
rock_photo_frame.jpg,F:\Master Image File\_Unclassified\rock_photo_frame.jpg,master,_Unclassified
PHOTO-2026-02-21-20-54-06.jpg,F:\Master Image File\_Unclassified\PHOTO-2026-02-21-20-54-06.jpg,master,_Unclassified
IMG-20240909-WA0021.jpg,F:\Master Image File\_Unclassified\IMG-20240909-WA0021.jpg,master,_Unclassified
IMG-20240304-WA0035.jpg,F:\Master Image File\_Unclassified\IMG-20240304-WA0035.jpg,master,_Unclassified
color_borders_copy_31.jpg,F:\Master Image File\_Unclassified\color_borders_copy_31.jpg,master,_Unclassified
transparent_sticker_dubai.webp,F:\Master Image File\_Unclassified\transparent_sticker_dubai.webp,master,_Unclassified
3_35.png,F:\Master Image File\_Unclassified\3_35.png,master,_Unclassified
PHOTO-2025-11-21-20-25-57(1).jpg,F:\Master Image File\_Unclassified\PHOTO-2025-11-21-20-25-57(1).jpg,master,_Unclassified
IMG_20230923_175625.jpg,F:\Master Image File\_Unclassified\IMG_20230923_175625.jpg,master,_Unclassified
tempFileForShare_20220130-154241 (1).jpg,F:\Master Image File\_Unclassified\tempFileForShare_20220130-154241 (1).jpg,master,_Unclassified
20250816_110729000_iOS.jpg,F:\Master Image File\_Unclassified\20250816_110729000_iOS.jpg,master,_Unclassified
20250820_082508000_iOS.jpg,F:\Master Image File\_Unclassified\20250820_082508000_iOS.jpg,master,_Unclassified
1000068223.jpg,F:\Master Image File\_Unclassified\1000068223.jpg,master,_Unclassified
shape_cutout_metal_frames_dubai_2.webp,F:\Master Image File\_Unclassified\shape_cutout_metal_frames_dubai_2.webp,master,_Unclassified
IMG-20240201-WA0022.jpg,F:\Master Image File\_Unclassified\IMG-20240201-WA0022.jpg,master,_Unclassified
20180305_123003000_iOS.jpg,F:\Master Image File\_Unclassified\20180305_123003000_iOS.jpg,master,_Unclassified
IMG-20240329-WA0029.jpg,F:\Master Image File\_Unclassified\IMG-20240329-WA0029.jpg,master,_Unclassified
20250705_062902000_iOS.jpg,F:\Master Image File\_Unclassified\20250705_062902000_iOS.jpg,master,_Unclassified
canvas_product_2_1.jpg,F:\Master Image File\_Unclassified\canvas_product_2_1.jpg,master,_Unclassified
IMG-20240422-WA0025.jpg,F:\Master Image File\_Unclassified\IMG-20240422-WA0025.jpg,master,_Unclassified
oval_self_ink_stamps_dubai_09.webp,F:\Master Image File\_Unclassified\oval_self_ink_stamps_dubai_09.webp,master,_Unclassified
notebook_bottles_transparent_options.jpg,F:\Master Image File\_Unclassified\notebook_bottles_transparent_options.jpg,master,_Unclassified
craft_business_cards_printing_dubai.webp,F:\Master Image File\_Unclassified\craft_business_cards_printing_dubai.webp,master,_Unclassified
canopy_prod_2.jpg,F:\Master Image File\_Unclassified\canopy_prod_2.jpg,master,_Unclassified
5666.jpg,F:\Master Image File\_Unclassified\5666.jpg,master,_Unclassified
IMG-20240916-WA0006.jpg,F:\Master Image File\_Unclassified\IMG-20240916-WA0006.jpg,master,_Unclassified
18a-healing-brush-royal-anwar-unsplash.jpg,F:\Master Image File\_Unclassified\18a-healing-brush-royal-anwar-unsplash.jpg,master,_Unclassified
IMG-20240304-WA0030.jpg,F:\Master Image File\_Unclassified\IMG-20240304-WA0030.jpg,master,_Unclassified
IMG-20240126-WA0001.jpg,F:\Master Image File\_Unclassified\IMG-20240126-WA0001.jpg,master,_Unclassified
20250719_152807000_iOS.jpg,F:\Master Image File\_Unclassified\20250719_152807000_iOS.jpg,master,_Unclassified
straight_fabric_backdrop_dubai.jpg,F:\Master Image File\_Unclassified\straight_fabric_backdrop_dubai.jpg,master,_Unclassified
color_borders_copy_48.jpg,F:\Master Image File\_Unclassified\color_borders_copy_48.jpg,master,_Unclassified
IMG-20230714-WA0007.jpg,F:\Master Image File\_Unclassified\IMG-20230714-WA0007.jpg,master,_Unclassified
20251107_154932000_iOS.jpg,F:\Master Image File\_Unclassified\20251107_154932000_iOS.jpg,master,_Unclassified
WhatsApp Image 2022-07-10 at 1.06.59 PM.jpeg,F:\Master Image File\_Unclassified\WhatsApp Image 2022-07-10 at 1.06.59 PM.jpeg,master,_Unclassified
IMG-20240118-WA0005.jpg,F:\Master Image File\_Unclassified\IMG-20240118-WA0005.jpg,master,_Unclassified
IMG-20231026-WA0015.jpg,F:\Master Image File\_Unclassified\IMG-20231026-WA0015.jpg,master,_Unclassified
itpb_460_4_1.jpg,F:\Master Image File\_Unclassified\itpb_460_4_1.jpg,master,_Unclassified
IMG-20240429-WA0155-removebg-preview.png,F:\Master Image File\_Unclassified\IMG-20240429-WA0155-removebg-preview.png,master,_Unclassified
20250827_101043000_iOS.jpg,F:\Master Image File\_Unclassified\20250827_101043000_iOS.jpg,master,_Unclassified
social_distancing_posters_dubai_27.jpg,F:\Master Image File\_Unclassified\social_distancing_posters_dubai_27.jpg,master,_Unclassified
free-local.jpg,F:\Master Image File\_Unclassified\free-local.jpg,master,_Unclassified
IMG_20230924_110212.jpg,F:\Master Image File\_Unclassified\IMG_20230924_110212.jpg,master,_Unclassified
20251122_074106000_iOS.jpg,F:\Master Image File\_Unclassified\20251122_074106000_iOS.jpg,master,_Unclassified
20251030_113400000_iOS.jpg,F:\Master Image File\_Unclassified\20251030_113400000_iOS.jpg,master,_Unclassified
3_in_1_twist_1.jpg,F:\Master Image File\_Unclassified\3_in_1_twist_1.jpg,master,_Unclassified
IMG_20180928_142941_1.jpg,F:\Master Image File\_Unclassified\IMG_20180928_142941_1.jpg,master,_Unclassified
alonedies1_mug.jpg,F:\Master Image File\_Unclassified\alonedies1_mug.jpg,master,_Unclassified
20250827_170632000_iOS 1.jpg,F:\Master Image File\_Unclassified\20250827_170632000_iOS 1.jpg,master,_Unclassified
20251105_203149000_iOS.jpg,F:\Master Image File\_Unclassified\20251105_203149000_iOS.jpg,master,_Unclassified
metal_badge_1.jpg,F:\Master Image File\_Unclassified\metal_badge_1.jpg,master,_Unclassified
reb_plain_letterheads_front.jpg,F:\Master Image File\_Unclassified\reb_plain_letterheads_front.jpg,master,_Unclassified
1000067129.jpg,F:\Master Image File\_Unclassified\1000067129.jpg,master,_Unclassified
social_icons.png,F:\Master Image File\_Unclassified\social_icons.png,master,_Unclassified
20250603_064634000_iOS.jpg,F:\Master Image File\_Unclassified\20250603_064634000_iOS.jpg,master,_Unclassified
20250812_162213000_iOS.jpg,F:\Master Image File\_Unclassified\20250812_162213000_iOS.jpg,master,_Unclassified
IMG-20230728-WA0000.jpg,F:\Master Image File\_Unclassified\IMG-20230728-WA0000.jpg,master,_Unclassified
IMG-20231226-WA0019.jpg,F:\Master Image File\_Unclassified\IMG-20231226-WA0019.jpg,master,_Unclassified
IMG_20230924_110227_1.jpg,F:\Master Image File\_Unclassified\IMG_20230924_110227_1.jpg,master,_Unclassified
20251106_130654000_iOS.jpg,F:\Master Image File\_Unclassified\20251106_130654000_iOS.jpg,master,_Unclassified
readymade_stamp_dubai-006.webp,F:\Master Image File\_Unclassified\readymade_stamp_dubai-006.webp,master,_Unclassified
IMG-20250227-WA0007.jpg,F:\Master Image File\_Unclassified\IMG-20250227-WA0007.jpg,master,_Unclassified
1000065899.jpg,F:\Master Image File\_Unclassified\1000065899.jpg,master,_Unclassified
IMG-20240508-WA0012.jpg,F:\Master Image File\_Unclassified\IMG-20240508-WA0012.jpg,master,_Unclassified
IMG_20230923_182408.jpg,F:\Master Image File\_Unclassified\IMG_20230923_182408.jpg,master,_Unclassified
20250708_133616000_iOS.jpg,F:\Master Image File\_Unclassified\20250708_133616000_iOS.jpg,master,_Unclassified
IMG-20240301-WA0050.jpg,F:\Master Image File\_Unclassified\IMG-20240301-WA0050.jpg,master,_Unclassified
IMG-20240316-WA0002.jpg,F:\Master Image File\_Unclassified\IMG-20240316-WA0002.jpg,master,_Unclassified
IMG-20240419-WA0030.jpg,F:\Master Image File\_Unclassified\IMG-20240419-WA0030.jpg,master,_Unclassified
IMG_20230923_175957.jpg,F:\Master Image File\_Unclassified\IMG_20230923_175957.jpg,master,_Unclassified
left-align.png,F:\Master Image File\_Unclassified\left-align.png,master,_Unclassified
6 Roses with 6 Roche Ferrero Chocolate Bouquet 1080 x 1080.png,F:\Master Image File\_Unclassified\6 Roses with 6 Roche Ferrero Chocolate Bouquet 1080 x 1080.png,master,_Unclassified
20250708_054544000_iOS.jpg,F:\Master Image File\_Unclassified\20250708_054544000_iOS.jpg,master,_Unclassified
IMG_20231015_152010.jpg,F:\Master Image File\_Unclassified\IMG_20231015_152010.jpg,master,_Unclassified
Metal-Signage-Dubai.jpg,F:\Master Image File\_Unclassified\Metal-Signage-Dubai.jpg,master,_Unclassified
1000058164.jpg,F:\Master Image File\_Unclassified\1000058164.jpg,master,_Unclassified
main_image_dwxd_603_604_1.jpg,F:\Master Image File\_Unclassified\main_image_dwxd_603_604_1.jpg,master,_Unclassified
3_46.png,F:\Master Image File\_Unclassified\3_46.png,master,_Unclassified
hanging_canvas_printing_dubai.webp,F:\Master Image File\_Unclassified\hanging_canvas_printing_dubai.webp,master,_Unclassified
IMG-20240211-WA0007.jpg,F:\Master Image File\_Unclassified\IMG-20240211-WA0007.jpg,master,_Unclassified
task_104_1000x1000_2.jpg,F:\Master Image File\_Unclassified\task_104_1000x1000_2.jpg,master,_Unclassified
1000067135.jpg,F:\Master Image File\_Unclassified\1000067135.jpg,master,_Unclassified
IMG-20240423-WA0009.jpg,F:\Master Image File\_Unclassified\IMG-20240423-WA0009.jpg,master,_Unclassified
20251114_130628000_iOS.jpg,F:\Master Image File\_Unclassified\20251114_130628000_iOS.jpg,master,_Unclassified
20210625_20210626021627_20210626035025_221627.jpg,F:\Master Image File\_Unclassified\20210625_20210626021627_20210626035025_221627.jpg,master,_Unclassified
IMG-20230623-WA0048.jpeg,F:\Master Image File\_Unclassified\IMG-20230623-WA0048.jpeg,master,_Unclassified
IMG-20240226-WA0024.jpg,F:\Master Image File\_Unclassified\IMG-20240226-WA0024.jpg,master,_Unclassified
3940-02.jpg,F:\Master Image File\_Unclassified\3940-02.jpg,master,_Unclassified
20250816_162932000_iOS.jpg,F:\Master Image File\_Unclassified\20250816_162932000_iOS.jpg,master,_Unclassified
IMG_20230923_165903.jpg,F:\Master Image File\_Unclassified\IMG_20230923_165903.jpg,master,_Unclassified
IMG-20230929-WA0002.jpg,F:\Master Image File\_Unclassified\IMG-20230929-WA0002.jpg,master,_Unclassified
20250729_075027000_iOS 1.jpg,F:\Master Image File\_Unclassified\20250729_075027000_iOS 1.jpg,master,_Unclassified
IMG-20231225-WA0005.jpg,F:\Master Image File\_Unclassified\IMG-20231225-WA0005.jpg,master,_Unclassified
IMG-20241101-WA0005.jpg,F:\Master Image File\_Unclassified\IMG-20241101-WA0005.jpg,master,_Unclassified
itsp_715_1000x1000_1.jpg,F:\Master Image File\_Unclassified\itsp_715_1000x1000_1.jpg,master,_Unclassified
1696998356771 - Copy.png,F:\Master Image File\_Unclassified\1696998356771 - Copy.png,master,_Unclassified
IMG-20230203-WA0005.jpg,F:\Master Image File\_Unclassified\IMG-20230203-WA0005.jpg,master,_Unclassified
IMG-20241117-WA0008.jpg,F:\Master Image File\_Unclassified\IMG-20241117-WA0008.jpg,master,_Unclassified
PHOTO-2025-01-19-13-27-29(1).jpg,F:\Master Image File\_Unclassified\PHOTO-2025-01-19-13-27-29(1).jpg,master,_Unclassified
PHOTO-2026-02-05-00-33-57.jpg,F:\Master Image File\_Unclassified\PHOTO-2026-02-05-00-33-57.jpg,master,_Unclassified
IMG-20240412-WA0002.jpg,F:\Master Image File\_Unclassified\IMG-20240412-WA0002.jpg,master,_Unclassified
IMG-20250110-WA0007.jpg,F:\Master Image File\_Unclassified\IMG-20250110-WA0007.jpg,master,_Unclassified
IMG-20230224-WA0028.jpg,F:\Master Image File\_Unclassified\IMG-20230224-WA0028.jpg,master,_Unclassified
cushion_prod_1.jpg,F:\Master Image File\_Unclassified\cushion_prod_1.jpg,master,_Unclassified
1000067545.jpg,F:\Master Image File\_Unclassified\1000067545.jpg,master,_Unclassified
IMG-20230502-WA0001.jpg,F:\Master Image File\_Unclassified\IMG-20230502-WA0001.jpg,master,_Unclassified
IMG-20250330-WA0050.jpg,F:\Master Image File\_Unclassified\IMG-20250330-WA0050.jpg,master,_Unclassified
IMG-20250329-WA0017.jpg,F:\Master Image File\_Unclassified\IMG-20250329-WA0017.jpg,master,_Unclassified
20251108_133029000_iOS.jpg,F:\Master Image File\_Unclassified\20251108_133029000_iOS.jpg,master,_Unclassified
PHOTO-2025-11-23-23-56-18.jpg,F:\Master Image File\_Unclassified\PHOTO-2025-11-23-23-56-18.jpg,master,_Unclassified
p10_3.jpg,F:\Master Image File\_Unclassified\p10_3.jpg,master,_Unclassified
PHOTO-2026-02-07-05-52-16.jpg,F:\Master Image File\_Unclassified\PHOTO-2026-02-07-05-52-16.jpg,master,_Unclassified
20251126_212146000_iOS.jpg,F:\Master Image File\_Unclassified\20251126_212146000_iOS.jpg,master,_Unclassified
20210625_20210625215934_20210625233012_175936.jpg,F:\Master Image File\_Unclassified\20210625_20210625215934_20210625233012_175936.jpg,master,_Unclassified
9 inch Curved Glass Vase.jpg,F:\Master Image File\_Unclassified\9 inch Curved Glass Vase.jpg,master,_Unclassified
invoice_1_1.jpg,F:\Master Image File\_Unclassified\invoice_1_1.jpg,master,_Unclassified
IMG-20230814-WA0046.jpg,F:\Master Image File\_Unclassified\IMG-20230814-WA0046.jpg,master,_Unclassified
1_13.png,F:\Master Image File\_Unclassified\1_13.png,master,_Unclassified
IMG-20231215-WA0005.jpg,F:\Master Image File\_Unclassified\IMG-20231215-WA0005.jpg,master,_Unclassified
IMG-20240315-WA0016.jpg,F:\Master Image File\_Unclassified\IMG-20240315-WA0016.jpg,master,_Unclassified
IMG-20230628-WA0009.jpg,F:\Master Image File\_Unclassified\IMG-20230628-WA0009.jpg,master,_Unclassified
Screenshot_20250602-205001.png,F:\Master Image File\_Unclassified\Screenshot_20250602-205001.png,master,_Unclassified
IMG-20240203-WA0052.jpg,F:\Master Image File\_Unclassified\IMG-20240203-WA0052.jpg,master,_Unclassified
20251122_092043000_iOS.jpg,F:\Master Image File\_Unclassified\20251122_092043000_iOS.jpg,master,_Unclassified
IMG-20230916-WA0023.jpg,F:\Master Image File\_Unclassified\IMG-20230916-WA0023.jpg,master,_Unclassified
20250627_034606000_iOS 1.jpg,F:\Master Image File\_Unclassified\20250627_034606000_iOS 1.jpg,master,_Unclassified
IMG_20240204_175840-removebg-preview (2).png,F:\Master Image File\_Unclassified\IMG_20240204_175840-removebg-preview (2).png,master,_Unclassified
tattoo_2_1.jpg,F:\Master Image File\_Unclassified\tattoo_2_1.jpg,master,_Unclassified
globalnav_apple_image__b5er5ngrzxqq_large.png,F:\Master Image File\_Unclassified\globalnav_apple_image__b5er5ngrzxqq_large.png,master,_Unclassified
IMG-20250226-WA0008.jpg,F:\Master Image File\_Unclassified\IMG-20250226-WA0008.jpg,master,_Unclassified
IMG-20231006-WA0015.jpg,F:\Master Image File\_Unclassified\IMG-20231006-WA0015.jpg,master,_Unclassified
main_image_itpb_900_2.jpg,F:\Master Image File\_Unclassified\main_image_itpb_900_2.jpg,master,_Unclassified
matt_finish_posters_printing_dubai.jpg,F:\Master Image File\_Unclassified\matt_finish_posters_printing_dubai.jpg,master,_Unclassified
bc_025_big_J.webp,F:\Master Image File\_Unclassified\bc_025_big_J.webp,master,_Unclassified
IMG-20240219-WA0039.jpg,F:\Master Image File\_Unclassified\IMG-20240219-WA0039.jpg,master,_Unclassified
20180320_190741000_iOS.jpg,F:\Master Image File\_Unclassified\20180320_190741000_iOS.jpg,master,_Unclassified
20250709_113209000_iOS.jpg,F:\Master Image File\_Unclassified\20250709_113209000_iOS.jpg,master,_Unclassified
87_y_prod1.jpg,F:\Master Image File\_Unclassified\87_y_prod1.jpg,master,_Unclassified
IMG-20240620-WA0013.jpg,F:\Master Image File\_Unclassified\IMG-20240620-WA0013.jpg,master,_Unclassified
20251105_121924000_iOS.jpg,F:\Master Image File\_Unclassified\20251105_121924000_iOS.jpg,master,_Unclassified
20251125_104005000_iOS.jpg,F:\Master Image File\_Unclassified\20251125_104005000_iOS.jpg,master,_Unclassified
IMG-20241127-WA0005.jpg,F:\Master Image File\_Unclassified\IMG-20241127-WA0005.jpg,master,_Unclassified
usub_5523_5527_cd_1.jpg,F:\Master Image File\_Unclassified\usub_5523_5527_cd_1.jpg,master,_Unclassified
series4-apple-watch-nike-gps.png,F:\Master Image File\_Unclassified\series4-apple-watch-nike-gps.png,master,_Unclassified
table_runner_printing_dubai.webp,F:\Master Image File\_Unclassified\table_runner_printing_dubai.webp,master,_Unclassified
readymade_stamp_dubai-014.webp,F:\Master Image File\_Unclassified\readymade_stamp_dubai-014.webp,master,_Unclassified
IMG-20240224-WA0022.jpg,F:\Master Image File\_Unclassified\IMG-20240224-WA0022.jpg,master,_Unclassified
1000071317.jpg,F:\Master Image File\_Unclassified\1000071317.jpg,master,_Unclassified
floor-graphics-three.png,F:\Master Image File\_Unclassified\floor-graphics-three.png,master,_Unclassified
PHOTO-2024-11-28-05-37-53(1).jpg,F:\Master Image File\_Unclassified\PHOTO-2024-11-28-05-37-53(1).jpg,master,_Unclassified
IMG-20230416-WA0005.jpg,F:\Master Image File\_Unclassified\IMG-20230416-WA0005.jpg,master,_Unclassified
20250725_112610000_iOS 1.jpg,F:\Master Image File\_Unclassified\20250725_112610000_iOS 1.jpg,master,_Unclassified
PHOTO-2025-11-27-01-21-42.jpg,F:\Master Image File\_Unclassified\PHOTO-2025-11-27-01-21-42.jpg,master,_Unclassified
PHOTO-2024-11-28-05-37-51.jpg,F:\Master Image File\_Unclassified\PHOTO-2024-11-28-05-37-51.jpg,master,_Unclassified
IMG-20230224-WA0023.jpg,F:\Master Image File\_Unclassified\IMG-20230224-WA0023.jpg,master,_Unclassified
IMG-20230811-WA0006.jpg,F:\Master Image File\_Unclassified\IMG-20230811-WA0006.jpg,master,_Unclassified
20251125_150005000_iOS.jpg,F:\Master Image File\_Unclassified\20251125_150005000_iOS.jpg,master,_Unclassified
bc_005_big_D.webp,F:\Master Image File\_Unclassified\bc_005_big_D.webp,master,_Unclassified
7f4ae9ca0446cbc23e71d8d395a98428.jpeg,F:\Master Image File\_Unclassified\7f4ae9ca0446cbc23e71d8d395a98428.jpeg,master,_Unclassified
2_9_1.png,F:\Master Image File\_Unclassified\2_9_1.png,master,_Unclassified
phone_grip_prod_1.jpg,F:\Master Image File\_Unclassified\phone_grip_prod_1.jpg,master,_Unclassified
20250728_141825000_iOS.jpg,F:\Master Image File\_Unclassified\20250728_141825000_iOS.jpg,master,_Unclassified
IMG-20231012-WA0006.jpg,F:\Master Image File\_Unclassified\IMG-20231012-WA0006.jpg,master,_Unclassified
IMG-20250113-WA0075.jpg,F:\Master Image File\_Unclassified\IMG-20250113-WA0075.jpg,master,_Unclassified
20251024_133847000_iOS.jpg,F:\Master Image File\_Unclassified\20251024_133847000_iOS.jpg,master,_Unclassified
bc_004_big_J.webp,F:\Master Image File\_Unclassified\bc_004_big_J.webp,master,_Unclassified
3938.jpg,F:\Master Image File\_Unclassified\3938.jpg,master,_Unclassified
p1_2_2.jpg,F:\Master Image File\_Unclassified\p1_2_2.jpg,master,_Unclassified
IMG-20240520-WA0025.jpg,F:\Master Image File\_Unclassified\IMG-20240520-WA0025.jpg,master,_Unclassified
146_gs_1_alliance_2.png,F:\Master Image File\_Unclassified\146_gs_1_alliance_2.png,master,_Unclassified
PHOTO-2024-12-31-05-18-02(1).jpg,F:\Master Image File\_Unclassified\PHOTO-2024-12-31-05-18-02(1).jpg,master,_Unclassified
series5-apple-watch-hermes.png,F:\Master Image File\_Unclassified\series5-apple-watch-hermes.png,master,_Unclassified
IMG-20240713-WA0025.jpg,F:\Master Image File\_Unclassified\IMG-20240713-WA0025.jpg,master,_Unclassified
IMG-20241121-WA0023.jpg,F:\Master Image File\_Unclassified\IMG-20241121-WA0023.jpg,master,_Unclassified
bottles_printing_dubai.jpg,F:\Master Image File\_Unclassified\bottles_printing_dubai.jpg,master,_Unclassified
rounded_hang_tag_printing_dubai_1.webp,F:\Master Image File\_Unclassified\rounded_hang_tag_printing_dubai_1.webp,master,_Unclassified
hanging_conference_flags_dubai_1.webp,F:\Master Image File\_Unclassified\hanging_conference_flags_dubai_1.webp,master,_Unclassified
20250911_172033000_iOS.jpg,F:\Master Image File\_Unclassified\20250911_172033000_iOS.jpg,master,_Unclassified
IMG-20250113-WA0057.jpg,F:\Master Image File\_Unclassified\IMG-20250113-WA0057.jpg,master,_Unclassified
IMG-20240428-WA0009.jpeg,F:\Master Image File\_Unclassified\IMG-20240428-WA0009.jpeg,master,_Unclassified
20251128_120316000_iOS.jpg,F:\Master Image File\_Unclassified\20251128_120316000_iOS.jpg,master,_Unclassified
IMG-20240415-WA0000.jpg,F:\Master Image File\_Unclassified\IMG-20240415-WA0000.jpg,master,_Unclassified
20250918_072558000_iOS.jpg,F:\Master Image File\_Unclassified\20250918_072558000_iOS.jpg,master,_Unclassified
envelope_assorted_main.jpg,F:\Master Image File\_Unclassified\envelope_assorted_main.jpg,master,_Unclassified
20210308_232853_1.jpg,F:\Master Image File\_Unclassified\20210308_232853_1.jpg,master,_Unclassified
IMG-20230830-WA0003.jpg,F:\Master Image File\_Unclassified\IMG-20230830-WA0003.jpg,master,_Unclassified
1000071381.jpg,F:\Master Image File\_Unclassified\1000071381.jpg,master,_Unclassified
IMG-20230224-WA0010.jpg,F:\Master Image File\_Unclassified\IMG-20230224-WA0010.jpg,master,_Unclassified
IMG_20240707_133336_edit_68573908765163.jpg,F:\Master Image File\_Unclassified\IMG_20240707_133336_edit_68573908765163.jpg,master,_Unclassified
21.png,F:\Master Image File\_Unclassified\21.png,master,_Unclassified
3_in_1_usb_2.jpg,F:\Master Image File\_Unclassified\3_in_1_usb_2.jpg,master,_Unclassified
bc_023_big_L.webp,F:\Master Image File\_Unclassified\bc_023_big_L.webp,master,_Unclassified
IMG-20240205-WA0027.jpg,F:\Master Image File\_Unclassified\IMG-20240205-WA0027.jpg,master,_Unclassified
IMG-20231001-WA0055.jpg,F:\Master Image File\_Unclassified\IMG-20231001-WA0055.jpg,master,_Unclassified
IMG-20240624-WA0013.jpg,F:\Master Image File\_Unclassified\IMG-20240624-WA0013.jpg,master,_Unclassified
crad_holder.jpeg,F:\Master Image File\_Unclassified\crad_holder.jpeg,master,_Unclassified
IMG-20250327-WA0017.jpg,F:\Master Image File\_Unclassified\IMG-20250327-WA0017.jpg,master,_Unclassified
20250904_054520000_iOS.jpg,F:\Master Image File\_Unclassified\20250904_054520000_iOS.jpg,master,_Unclassified
20250901_072812000_iOS.jpg,F:\Master Image File\_Unclassified\20250901_072812000_iOS.jpg,master,_Unclassified
apron-dining-dubai-01.webp,F:\Master Image File\_Unclassified\apron-dining-dubai-01.webp,master,_Unclassified
compliment_slips_printing_dubai_05.webp,F:\Master Image File\_Unclassified\compliment_slips_printing_dubai_05.webp,master,_Unclassified
personalized_beer_mugs_white.jpg,F:\Master Image File\_Unclassified\personalized_beer_mugs_white.jpg,master,_Unclassified
IMG-20230814-WA0086.jpg,F:\Master Image File\_Unclassified\IMG-20230814-WA0086.jpg,master,_Unclassified
20251024_112947000_iOS.jpg,F:\Master Image File\_Unclassified\20251024_112947000_iOS.jpg,master,_Unclassified
934187_thumbnail.png,F:\Master Image File\_Unclassified\934187_thumbnail.png,master,_Unclassified
IMG-20240406-WA0017.jpg,F:\Master Image File\_Unclassified\IMG-20240406-WA0017.jpg,master,_Unclassified
IMG-20230627-WA0007.jpg,F:\Master Image File\_Unclassified\IMG-20230627-WA0007.jpg,master,_Unclassified
IMG-20230326-WA0011.jpg,F:\Master Image File\_Unclassified\IMG-20230326-WA0011.jpg,master,_Unclassified
24.png,F:\Master Image File\_Unclassified\24.png,master,_Unclassified
1000070759.jpg,F:\Master Image File\_Unclassified\1000070759.jpg,master,_Unclassified
IMG-20241230-WA0010.jpg,F:\Master Image File\_Unclassified\IMG-20241230-WA0010.jpg,master,_Unclassified
IMG-20250128-WA0057.jpg,F:\Master Image File\_Unclassified\IMG-20250128-WA0057.jpg,master,_Unclassified
20251127_061413000_iOS.jpg,F:\Master Image File\_Unclassified\20251127_061413000_iOS.jpg,master,_Unclassified
IMG-20241230-WA0041.jpg,F:\Master Image File\_Unclassified\IMG-20241230-WA0041.jpg,master,_Unclassified
main_image_wb_003_1.jpg,F:\Master Image File\_Unclassified\main_image_wb_003_1.jpg,master,_Unclassified
merchantjaved_camera 4@D08387608_YolifeDOM_20210409095710_20210409095751_207955.jpg,F:\Master Image File\_Unclassified\merchantjaved_camera 4@D08387608_YolifeDOM_20210409095710_20210409095751_207955.jpg,master,_Unclassified
IMG-20241121-WA0049.jpg,F:\Master Image File\_Unclassified\IMG-20241121-WA0049.jpg,master,_Unclassified
IMG-20240226-WA0015.jpg,F:\Master Image File\_Unclassified\IMG-20240226-WA0015.jpg,master,_Unclassified
instructions_sticky_notes_1.png,F:\Master Image File\_Unclassified\instructions_sticky_notes_1.png,master,_Unclassified
IMG_20230925_173314.jpg,F:\Master Image File\_Unclassified\IMG_20230925_173314.jpg,master,_Unclassified
PHOTO-2026-02-17-11-16-32(1).jpg,F:\Master Image File\_Unclassified\PHOTO-2026-02-17-11-16-32(1).jpg,master,_Unclassified
r-tibtso_k_nita_02_3.jpg,F:\Master Image File\_Unclassified\r-tibtso_k_nita_02_3.jpg,master,_Unclassified
metal_usb_printing_engraving_dubai_06.jpg,F:\Master Image File\_Unclassified\metal_usb_printing_engraving_dubai_06.jpg,master,_Unclassified
IMG-20240304-WA0026.jpg,F:\Master Image File\_Unclassified\IMG-20240304-WA0026.jpg,master,_Unclassified
PHOTO-2024-12-19-05-30-20.jpg,F:\Master Image File\_Unclassified\PHOTO-2024-12-19-05-30-20.jpg,master,_Unclassified
airpods-pro-magsafe-charging-case-usb-c.png,F:\Master Image File\_Unclassified\airpods-pro-magsafe-charging-case-usb-c.png,master,_Unclassified
1000062541.jpg,F:\Master Image File\_Unclassified\1000062541.jpg,master,_Unclassified
PHOTO-2026-01-31-04-50-04(1).jpg,F:\Master Image File\_Unclassified\PHOTO-2026-01-31-04-50-04(1).jpg,master,_Unclassified
IMG-20230723-WA0004.jpg,F:\Master Image File\_Unclassified\IMG-20230723-WA0004.jpg,master,_Unclassified
20250902_024343000_iOS.jpg,F:\Master Image File\_Unclassified\20250902_024343000_iOS.jpg,master,_Unclassified
IMG-20240130-WA0001.jpg,F:\Master Image File\_Unclassified\IMG-20240130-WA0001.jpg,master,_Unclassified
color_borders_copy_72.jpg,F:\Master Image File\_Unclassified\color_borders_copy_72.jpg,master,_Unclassified
scanned copy4.png,F:\Master Image File\_Unclassified\scanned copy4.png,master,_Unclassified
20250818_105228000_iOS.jpg,F:\Master Image File\_Unclassified\20250818_105228000_iOS.jpg,master,_Unclassified
umbrella_prod_main.jpg,F:\Master Image File\_Unclassified\umbrella_prod_main.jpg,master,_Unclassified
IMG-20250209-WA0005.jpg,F:\Master Image File\_Unclassified\IMG-20250209-WA0005.jpg,master,_Unclassified
IMG-20240313-WA0010.jpg,F:\Master Image File\_Unclassified\IMG-20240313-WA0010.jpg,master,_Unclassified
social_distancing_floor_stickers_dubai_67.jpg,F:\Master Image File\_Unclassified\social_distancing_floor_stickers_dubai_67.jpg,master,_Unclassified
IMG-20240206-WA0022.jpg,F:\Master Image File\_Unclassified\IMG-20240206-WA0022.jpg,master,_Unclassified
p4_2_29.jpg,F:\Master Image File\_Unclassified\p4_2_29.jpg,master,_Unclassified
IMG-20250209-WA0110.jpg,F:\Master Image File\_Unclassified\IMG-20250209-WA0110.jpg,master,_Unclassified
itxd_702_-_powerbook_2.png,F:\Master Image File\_Unclassified\itxd_702_-_powerbook_2.png,master,_Unclassified
bc_072_big_N.webp,F:\Master Image File\_Unclassified\bc_072_big_N.webp,master,_Unclassified
spot_uv.jpg,F:\Master Image File\_Unclassified\spot_uv.jpg,master,_Unclassified
IMG_20230923_175612.jpg,F:\Master Image File\_Unclassified\IMG_20230923_175612.jpg,master,_Unclassified
HangerEzraIceBlueMed.png,F:\Master Image File\_Unclassified\HangerEzraIceBlueMed.png,master,_Unclassified
cartoon_6_prod.jpg,F:\Master Image File\_Unclassified\cartoon_6_prod.jpg,master,_Unclassified
PHOTO-2026-02-05-00-34-05.jpg,F:\Master Image File\_Unclassified\PHOTO-2026-02-05-00-34-05.jpg,master,_Unclassified
IMG_20231020_161527.jpg,F:\Master Image File\_Unclassified\IMG_20231020_161527.jpg,master,_Unclassified
IMG_20230923_165950.jpg,F:\Master Image File\_Unclassified\IMG_20230923_165950.jpg,master,_Unclassified
16ptMatteLamSPOTUV-bookmarks.jpg,F:\Master Image File\_Unclassified\16ptMatteLamSPOTUV-bookmarks.jpg,master,_Unclassified
monroe-fabric-dubai-01.jpg,F:\Master Image File\_Unclassified\monroe-fabric-dubai-01.jpg,master,_Unclassified
color_borders_png.png,F:\Master Image File\_Unclassified\color_borders_png.png,master,_Unclassified
IMG-20240514-WA0013.jpg,F:\Master Image File\_Unclassified\IMG-20240514-WA0013.jpg,master,_Unclassified
cartoon_9_prod.jpg,F:\Master Image File\_Unclassified\cartoon_9_prod.jpg,master,_Unclassified
IMG_20230925_163645.jpg,F:\Master Image File\_Unclassified\IMG_20230925_163645.jpg,master,_Unclassified
IMG-20240302-WA0015.jpg,F:\Master Image File\_Unclassified\IMG-20240302-WA0015.jpg,master,_Unclassified
20250815_070806000_iOS.jpg,F:\Master Image File\_Unclassified\20250815_070806000_iOS.jpg,master,_Unclassified
IMG-20230723-WA0007.jpg,F:\Master Image File\_Unclassified\IMG-20230723-WA0007.jpg,master,_Unclassified
20251101_175637000_iOS.jpg,F:\Master Image File\_Unclassified\20251101_175637000_iOS.jpg,master,_Unclassified
IMG-20230218-WA0007.jpg,F:\Master Image File\_Unclassified\IMG-20230218-WA0007.jpg,master,_Unclassified
IMG-20230627-WA0027.jpg,F:\Master Image File\_Unclassified\IMG-20230627-WA0027.jpg,master,_Unclassified
social_distancing_floor_stickers_dubai_23.jpg,F:\Master Image File\_Unclassified\social_distancing_floor_stickers_dubai_23.jpg,master,_Unclassified
20251022_132633000_iOS.jpg,F:\Master Image File\_Unclassified\20251022_132633000_iOS.jpg,master,_Unclassified
20251113_085423000_iOS.jpg,F:\Master Image File\_Unclassified\20251113_085423000_iOS.jpg,master,_Unclassified
bc_013_big_H.webp,F:\Master Image File\_Unclassified\bc_013_big_H.webp,master,_Unclassified
wedding 1.png,F:\Master Image File\_Unclassified\wedding 1.png,master,_Unclassified
PHOTO-2024-11-21-07-45-21.jpg,F:\Master Image File\_Unclassified\PHOTO-2024-11-21-07-45-21.jpg,master,_Unclassified
roun_dusb_2.jpg,F:\Master Image File\_Unclassified\roun_dusb_2.jpg,master,_Unclassified
1000063169.jpg,F:\Master Image File\_Unclassified\1000063169.jpg,master,_Unclassified
right_emb_image.png,F:\Master Image File\_Unclassified\right_emb_image.png,master,_Unclassified
IMG-20240328-WA0009.jpg,F:\Master Image File\_Unclassified\IMG-20240328-WA0009.jpg,master,_Unclassified
1000071157.jpg,F:\Master Image File\_Unclassified\1000071157.jpg,master,_Unclassified
IMG-20250401-WA0007.jpg,F:\Master Image File\_Unclassified\IMG-20250401-WA0007.jpg,master,_Unclassified
IMG_20230925_201047.jpg,F:\Master Image File\_Unclassified\IMG_20230925_201047.jpg,master,_Unclassified
bc_027_big_N.webp,F:\Master Image File\_Unclassified\bc_027_big_N.webp,master,_Unclassified
IMG_20230923_182555.jpg,F:\Master Image File\_Unclassified\IMG_20230923_182555.jpg,master,_Unclassified
IMG_20250415_173415_693.jpg,F:\Master Image File\_Unclassified\IMG_20250415_173415_693.jpg,master,_Unclassified
WhatsApp Image 2022-12-26 at 12.51.35 (2).jpeg,F:\Master Image File\_Unclassified\WhatsApp Image 2022-12-26 at 12.51.35 (2).jpeg,master,_Unclassified
p4_3_3.jpg,F:\Master Image File\_Unclassified\p4_3_3.jpg,master,_Unclassified
IMG-20230311-WA0017.jpg,F:\Master Image File\_Unclassified\IMG-20230311-WA0017.jpg,master,_Unclassified
20250424_001804000_iOS.png,F:\Master Image File\_Unclassified\20250424_001804000_iOS.png,master,_Unclassified
brs_df_032_acrylic_photo_frame_prod1.jpg,F:\Master Image File\_Unclassified\brs_df_032_acrylic_photo_frame_prod1.jpg,master,_Unclassified
20251105_084438000_iOS.jpg,F:\Master Image File\_Unclassified\20251105_084438000_iOS.jpg,master,_Unclassified
IMG-20240531-WA0001.jpg,F:\Master Image File\_Unclassified\IMG-20240531-WA0001.jpg,master,_Unclassified
IMG-20241006-WA0015.jpg,F:\Master Image File\_Unclassified\IMG-20241006-WA0015.jpg,master,_Unclassified
p3_2_1.jpg,F:\Master Image File\_Unclassified\p3_2_1.jpg,master,_Unclassified
2.png,F:\Master Image File\_Unclassified\2.png,master,_Unclassified
1_gs1_aura_2.png,F:\Master Image File\_Unclassified\1_gs1_aura_2.png,master,_Unclassified
WhatsApp Image 2022-07-10 at 1.07.02 PM.jpeg,F:\Master Image File\_Unclassified\WhatsApp Image 2022-07-10 at 1.07.02 PM.jpeg,master,_Unclassified
Screenshot_20250218-035524.png,F:\Master Image File\_Unclassified\Screenshot_20250218-035524.png,master,_Unclassified
IMG-20240315-WA0003.jpg,F:\Master Image File\_Unclassified\IMG-20240315-WA0003.jpg,master,_Unclassified
IMG-20240217-WA0008.jpg,F:\Master Image File\_Unclassified\IMG-20240217-WA0008.jpg,master,_Unclassified
IMG-20230921-WA0013.jpg,F:\Master Image File\_Unclassified\IMG-20230921-WA0013.jpg,master,_Unclassified
20251107_113945000_iOS.jpg,F:\Master Image File\_Unclassified\20251107_113945000_iOS.jpg,master,_Unclassified
5_2.jpg,F:\Master Image File\_Unclassified\5_2.jpg,master,_Unclassified
IMG-20230409-WA0001.jpg,F:\Master Image File\_Unclassified\IMG-20230409-WA0001.jpg,master,_Unclassified
Scan.jpg,F:\Master Image File\_Unclassified\Scan.jpg,master,_Unclassified
IMG-20240307-WA0020.jpg,F:\Master Image File\_Unclassified\IMG-20240307-WA0020.jpg,master,_Unclassified
20180331_221526000_iOS.jpg,F:\Master Image File\_Unclassified\20180331_221526000_iOS.jpg,master,_Unclassified
20250718_055509000_iOS 1.jpg,F:\Master Image File\_Unclassified\20250718_055509000_iOS 1.jpg,master,_Unclassified
IMG-20230601-WA0013.jpg,F:\Master Image File\_Unclassified\IMG-20230601-WA0013.jpg,master,_Unclassified
IMG-20240803-WA0015.jpg,F:\Master Image File\_Unclassified\IMG-20240803-WA0015.jpg,master,_Unclassified
20251123_162126000_iOS.jpg,F:\Master Image File\_Unclassified\20251123_162126000_iOS.jpg,master,_Unclassified
20250728_134222000_iOS.jpg,F:\Master Image File\_Unclassified\20250728_134222000_iOS.jpg,master,_Unclassified
table_cover_printing_dubai.webp,F:\Master Image File\_Unclassified\table_cover_printing_dubai.webp,master,_Unclassified
freestandingstand_prod_4_1.jpg,F:\Master Image File\_Unclassified\freestandingstand_prod_4_1.jpg,master,_Unclassified
usub_5501_5515_cd_1.jpg,F:\Master Image File\_Unclassified\usub_5501_5515_cd_1.jpg,master,_Unclassified
p3_2_31.jpg,F:\Master Image File\_Unclassified\p3_2_31.jpg,master,_Unclassified
WhatsApp Image 2022-01-15 at 11.26.56 PM (1).jpeg,F:\Master Image File\_Unclassified\WhatsApp Image 2022-01-15 at 11.26.56 PM (1).jpeg,master,_Unclassified
IMG-20240131-WA0004.jpg,F:\Master Image File\_Unclassified\IMG-20240131-WA0004.jpg,master,_Unclassified
back_installation_acrylic_frame_poster_dubai.webp,F:\Master Image File\_Unclassified\back_installation_acrylic_frame_poster_dubai.webp,master,_Unclassified
1551530890a6030817396bfb120a1f8fa4c43aa28d-600x446-1.jpg,F:\Master Image File\_Unclassified\1551530890a6030817396bfb120a1f8fa4c43aa28d-600x446-1.jpg,master,_Unclassified
content-block-sm-user-guide_2x.png,F:\Master Image File\_Unclassified\content-block-sm-user-guide_2x.png,master,_Unclassified
IMG-20230523-WA0019.jpeg,F:\Master Image File\_Unclassified\IMG-20230523-WA0019.jpeg,master,_Unclassified
CreamTallBoat.png,F:\Master Image File\_Unclassified\CreamTallBoat.png,master,_Unclassified
20251108_172232000_iOS.jpg,F:\Master Image File\_Unclassified\20251108_172232000_iOS.jpg,master,_Unclassified
bc_022_big_N.webp,F:\Master Image File\_Unclassified\bc_022_big_N.webp,master,_Unclassified
IMG_20230923_170043.jpg,F:\Master Image File\_Unclassified\IMG_20230923_170043.jpg,master,_Unclassified
2_62.png,F:\Master Image File\_Unclassified\2_62.png,master,_Unclassified
20251105_091147000_iOS.jpg,F:\Master Image File\_Unclassified\20251105_091147000_iOS.jpg,master,_Unclassified
2_1_1.png,F:\Master Image File\_Unclassified\2_1_1.png,master,_Unclassified
IMG-20231204-WA0014.jpg,F:\Master Image File\_Unclassified\IMG-20231204-WA0014.jpg,master,_Unclassified
20251120_093339000_iOS.jpg,F:\Master Image File\_Unclassified\20251120_093339000_iOS.jpg,master,_Unclassified
20251108_085515000_iOS.jpg,F:\Master Image File\_Unclassified\20251108_085515000_iOS.jpg,master,_Unclassified
oval_shape_fridge_magnetic_sticker_dubai.webp,F:\Master Image File\_Unclassified\oval_shape_fridge_magnetic_sticker_dubai.webp,master,_Unclassified
2_2_4.png,F:\Master Image File\_Unclassified\2_2_4.png,master,_Unclassified
IMG-20221119-WA0034.jpg,F:\Master Image File\_Unclassified\IMG-20221119-WA0034.jpg,master,_Unclassified
SmallWhiteShimmeringBoat.png,F:\Master Image File\_Unclassified\SmallWhiteShimmeringBoat.png,master,_Unclassified
Screenshot_20250515-020440.png,F:\Master Image File\_Unclassified\Screenshot_20250515-020440.png,master,_Unclassified
IMG-20241101-WA0003.jpg,F:\Master Image File\_Unclassified\IMG-20241101-WA0003.jpg,master,_Unclassified
IMG-20230705-WA0026.jpg,F:\Master Image File\_Unclassified\IMG-20230705-WA0026.jpg,master,_Unclassified
p1_5_19.jpg,F:\Master Image File\_Unclassified\p1_5_19.jpg,master,_Unclassified
IMG-20231220-WA0006.jpg,F:\Master Image File\_Unclassified\IMG-20231220-WA0006.jpg,master,_Unclassified
20250906_052728000_iOS.jpg,F:\Master Image File\_Unclassified\20250906_052728000_iOS.jpg,master,_Unclassified
IMG-20240623-WA0072.jpg,F:\Master Image File\_Unclassified\IMG-20240623-WA0072.jpg,master,_Unclassified
1000063278.jpg,F:\Master Image File\_Unclassified\1000063278.jpg,master,_Unclassified
IMG-20241001-WA0014.jpg,F:\Master Image File\_Unclassified\IMG-20241001-WA0014.jpg,master,_Unclassified
IMG-20230208-WA0085.jpg,F:\Master Image File\_Unclassified\IMG-20230208-WA0085.jpg,master,_Unclassified
1_13.jpg,F:\Master Image File\_Unclassified\1_13.jpg,master,_Unclassified
tag2.jpg,F:\Master Image File\_Unclassified\tag2.jpg,master,_Unclassified
itpb_460_3.jpg,F:\Master Image File\_Unclassified\itpb_460_3.jpg,master,_Unclassified
20250805_094632000_iOS.jpg,F:\Master Image File\_Unclassified\20250805_094632000_iOS.jpg,master,_Unclassified
crystal_cert.jpg,F:\Master Image File\_Unclassified\crystal_cert.jpg,master,_Unclassified
IMG_20230923_165824.jpg,F:\Master Image File\_Unclassified\IMG_20230923_165824.jpg,master,_Unclassified
anti_slip_tape_0.jpg,F:\Master Image File\_Unclassified\anti_slip_tape_0.jpg,master,_Unclassified
20251114_193821000_iOS.jpg,F:\Master Image File\_Unclassified\20251114_193821000_iOS.jpg,master,_Unclassified
Screenshot_20250325-170212.png,F:\Master Image File\_Unclassified\Screenshot_20250325-170212.png,master,_Unclassified
craft_calendar_prod.jpg,F:\Master Image File\_Unclassified\craft_calendar_prod.jpg,master,_Unclassified
IMG-20240223-WA0004.jpg,F:\Master Image File\_Unclassified\IMG-20240223-WA0004.jpg,master,_Unclassified
1000070180.jpg,F:\Master Image File\_Unclassified\1000070180.jpg,master,_Unclassified
IMG-20240223-WA0033.jpg,F:\Master Image File\_Unclassified\IMG-20240223-WA0033.jpg,master,_Unclassified
gsgl_101_giftology_lotik_passport_3.jpg,F:\Master Image File\_Unclassified\gsgl_101_giftology_lotik_passport_3.jpg,master,_Unclassified
IMG-20231220-WA0005.jpg,F:\Master Image File\_Unclassified\IMG-20231220-WA0005.jpg,master,_Unclassified
IMG-20240906-WA0032.jpg,F:\Master Image File\_Unclassified\IMG-20240906-WA0032.jpg,master,_Unclassified
20250907_062253000_iOS.jpg,F:\Master Image File\_Unclassified\20250907_062253000_iOS.jpg,master,_Unclassified
2_61_24.png,F:\Master Image File\_Unclassified\2_61_24.png,master,_Unclassified
social_distancing_floor_stickers_dubai_70.jpg,F:\Master Image File\_Unclassified\social_distancing_floor_stickers_dubai_70.jpg,master,_Unclassified
6_mixed_roses_3_red_and_3_yellow_1.png,F:\Master Image File\_Unclassified\6_mixed_roses_3_red_and_3_yellow_1.png,master,_Unclassified
IMG-20250124-WA0004.jpg,F:\Master Image File\_Unclassified\IMG-20250124-WA0004.jpg,master,_Unclassified
20250723_133322000_iOS.jpg,F:\Master Image File\_Unclassified\20250723_133322000_iOS.jpg,master,_Unclassified
20251121_084438000_iOS.jpg,F:\Master Image File\_Unclassified\20251121_084438000_iOS.jpg,master,_Unclassified
IMG-20230705-WA0001.jpg,F:\Master Image File\_Unclassified\IMG-20230705-WA0001.jpg,master,_Unclassified
IMG-20240303-WA0002.jpg,F:\Master Image File\_Unclassified\IMG-20240303-WA0002.jpg,master,_Unclassified
IMG-20230622-WA0017.jpg,F:\Master Image File\_Unclassified\IMG-20230622-WA0017.jpg,master,_Unclassified
20251106_161853000_iOS 1.jpg,F:\Master Image File\_Unclassified\20251106_161853000_iOS 1.jpg,master,_Unclassified
IMG-20250401-WA0002.jpg,F:\Master Image File\_Unclassified\IMG-20250401-WA0002.jpg,master,_Unclassified
IMG-20240316-WA0003.jpg,F:\Master Image File\_Unclassified\IMG-20240316-WA0003.jpg,master,_Unclassified
20250623_131820000_iOS.jpg,F:\Master Image File\_Unclassified\20250623_131820000_iOS.jpg,master,_Unclassified
Coronavirus-Infection-Control-Roll-Up-Banner-600x600-1.jpg,F:\Master Image File\_Unclassified\Coronavirus-Infection-Control-Roll-Up-Banner-600x600-1.jpg,master,_Unclassified
20251121_162601000_iOS.jpg,F:\Master Image File\_Unclassified\20251121_162601000_iOS.jpg,master,_Unclassified
Screenshot_20250528-110658.png,F:\Master Image File\_Unclassified\Screenshot_20250528-110658.png,master,_Unclassified
Mothers-Day-White-Label-Poster.png,F:\Master Image File\_Unclassified\Mothers-Day-White-Label-Poster.png,master,_Unclassified
IMG_20240102_172531.jpg,F:\Master Image File\_Unclassified\IMG_20240102_172531.jpg,master,_Unclassified
sewing_binding_02.webp,F:\Master Image File\_Unclassified\sewing_binding_02.webp,master,_Unclassified
3964-01.jpg,F:\Master Image File\_Unclassified\3964-01.jpg,master,_Unclassified
2100px Ishini Flower Arrangements.png,F:\Master Image File\_Unclassified\2100px Ishini Flower Arrangements.png,master,_Unclassified
small_a4_poster_printing_dubai.jpg,F:\Master Image File\_Unclassified\small_a4_poster_printing_dubai.jpg,master,_Unclassified
3tier_acrylic_prod1.jpg,F:\Master Image File\_Unclassified\3tier_acrylic_prod1.jpg,master,_Unclassified
delivery_order.jpg,F:\Master Image File\_Unclassified\delivery_order.jpg,master,_Unclassified
g-drive_mobile_usb-c_web_gallery_gold_front-icon.png,F:\Master Image File\_Unclassified\g-drive_mobile_usb-c_web_gallery_gold_front-icon.png,master,_Unclassified
IMG-20220923-WA0032.jpg,F:\Master Image File\_Unclassified\IMG-20220923-WA0032.jpg,master,_Unclassified
IMG_20230925_201037.jpg,F:\Master Image File\_Unclassified\IMG_20230925_201037.jpg,master,_Unclassified
p1_5_12.jpg,F:\Master Image File\_Unclassified\p1_5_12.jpg,master,_Unclassified
robe2.jpg,F:\Master Image File\_Unclassified\robe2.jpg,master,_Unclassified
3_25_5.png,F:\Master Image File\_Unclassified\3_25_5.png,master,_Unclassified
IMG-20240226-WA0020.jpg,F:\Master Image File\_Unclassified\IMG-20240226-WA0020.jpg,master,_Unclassified
20250821_064348000_iOS.jpg,F:\Master Image File\_Unclassified\20250821_064348000_iOS.jpg,master,_Unclassified
IMG-20240311-WA0017.jpg,F:\Master Image File\_Unclassified\IMG-20240311-WA0017.jpg,master,_Unclassified
fabric_popup_dubai.webp,F:\Master Image File\_Unclassified\fabric_popup_dubai.webp,master,_Unclassified
IMG-20231014-WA0008.jpg,F:\Master Image File\_Unclassified\IMG-20231014-WA0008.jpg,master,_Unclassified
screen_shot_2021-03-08_at_1.51.13_pm.png,F:\Master Image File\_Unclassified\screen_shot_2021-03-08_at_1.51.13_pm.png,master,_Unclassified
finishing_round_corners_business_cards_dubai.png,F:\Master Image File\_Unclassified\finishing_round_corners_business_cards_dubai.png,master,_Unclassified
20250717_080534000_iOS.jpg,F:\Master Image File\_Unclassified\20250717_080534000_iOS.jpg,master,_Unclassified
1 Vendela and 2 Oranges Bouquet.jpg,F:\Master Image File\_Unclassified\1 Vendela and 2 Oranges Bouquet.jpg,master,_Unclassified
20250816_135318000_iOS.jpg,F:\Master Image File\_Unclassified\20250816_135318000_iOS.jpg,master,_Unclassified
IMG-20230210-WA0001.jpg,F:\Master Image File\_Unclassified\IMG-20230210-WA0001.jpg,master,_Unclassified
IMG-20240716-WA0003.jpg,F:\Master Image File\_Unclassified\IMG-20240716-WA0003.jpg,master,_Unclassified
cardholder-with-rfid-protection.jpg,F:\Master Image File\_Unclassified\cardholder-with-rfid-protection.jpg,master,_Unclassified
watch-series2-aluminum.png,F:\Master Image File\_Unclassified\watch-series2-aluminum.png,master,_Unclassified
IMG-20231121-WA0004.jpg,F:\Master Image File\_Unclassified\IMG-20231121-WA0004.jpg,master,_Unclassified
IMG-20240528-WA0035.jpg,F:\Master Image File\_Unclassified\IMG-20240528-WA0035.jpg,master,_Unclassified
IMG-20231106-WA0018.jpg,F:\Master Image File\_Unclassified\IMG-20231106-WA0018.jpg,master,_Unclassified
light_blue_jeans_fabric_notebooks_printing_dubai.webp,F:\Master Image File\_Unclassified\light_blue_jeans_fabric_notebooks_printing_dubai.webp,master,_Unclassified
IMG-20250113-WA0033.jpg,F:\Master Image File\_Unclassified\IMG-20250113-WA0033.jpg,master,_Unclassified
android.bc237dd179ed.png,F:\Master Image File\_Unclassified\android.bc237dd179ed.png,master,_Unclassified
promotional-reusable-soft-loop-handle-plastic-bag-15-5-w-x-19-5-h-14f.jpg,F:\Master Image File\_Unclassified\promotional-reusable-soft-loop-handle-plastic-bag-15-5-w-x-19-5-h-14f.jpg,master,_Unclassified
IMG_20230923_165818.jpg,F:\Master Image File\_Unclassified\IMG_20230923_165818.jpg,master,_Unclassified
WhatsApp Image 2022-07-10 at 1.07.01 PM (2).jpeg,F:\Master Image File\_Unclassified\WhatsApp Image 2022-07-10 at 1.07.01 PM (2).jpeg,master,_Unclassified
20250115_212754.jpg,F:\Master Image File\_Unclassified\20250115_212754.jpg,master,_Unclassified
PHOTO-2026-01-29-15-04-01.jpg,F:\Master Image File\_Unclassified\PHOTO-2026-01-29-15-04-01.jpg,master,_Unclassified
IMG-20241228-WA0006.jpg,F:\Master Image File\_Unclassified\IMG-20241228-WA0006.jpg,master,_Unclassified
PHOTO-2025-12-18-14-39-21.jpg,F:\Master Image File\_Unclassified\PHOTO-2025-12-18-14-39-21.jpg,master,_Unclassified
PHOTO-2026-02-08-20-32-56.jpg,F:\Master Image File\_Unclassified\PHOTO-2026-02-08-20-32-56.jpg,master,_Unclassified
PHOTO-2026-01-07-10-09-25(1).jpg,F:\Master Image File\_Unclassified\PHOTO-2026-01-07-10-09-25(1).jpg,master,_Unclassified
11a-resolution-jonathan-francisca-unsplash.jpg,F:\Master Image File\_Unclassified\11a-resolution-jonathan-francisca-unsplash.jpg,master,_Unclassified
IMG-20250402-WA0017.jpg,F:\Master Image File\_Unclassified\IMG-20250402-WA0017.jpg,master,_Unclassified
canvas-fabric-dubai.webp,F:\Master Image File\_Unclassified\canvas-fabric-dubai.webp,master,_Unclassified
132bceb7e8b306e9c1d94905514b2391.jpg,F:\Master Image File\_Unclassified\132bceb7e8b306e9c1d94905514b2391.jpg,master,_Unclassified
tent_frame_structure.webp,F:\Master Image File\_Unclassified\tent_frame_structure.webp,master,_Unclassified
p1_4_1.jpg,F:\Master Image File\_Unclassified\p1_4_1.jpg,master,_Unclassified
IMG-20240309-WA0005.jpg,F:\Master Image File\_Unclassified\IMG-20240309-WA0005.jpg,master,_Unclassified
IMG-20240329-WA0000.jpg,F:\Master Image File\_Unclassified\IMG-20240329-WA0000.jpg,master,_Unclassified
20251124_110441000_iOS 1.jpg,F:\Master Image File\_Unclassified\20251124_110441000_iOS 1.jpg,master,_Unclassified
IMG-20241022-WA0022.jpg,F:\Master Image File\_Unclassified\IMG-20241022-WA0022.jpg,master,_Unclassified
content-block-sm-airpods-max_2x.png,F:\Master Image File\_Unclassified\content-block-sm-airpods-max_2x.png,master,_Unclassified
IMG-20250124-WA0008.jpg,F:\Master Image File\_Unclassified\IMG-20250124-WA0008.jpg,master,_Unclassified
brs_df_024_acrylic_stand_prod3.jpg,F:\Master Image File\_Unclassified\brs_df_024_acrylic_stand_prod3.jpg,master,_Unclassified
1000064400.jpg,F:\Master Image File\_Unclassified\1000064400.jpg,master,_Unclassified
Screenshot_20250922_023615_WhatsAppBusiness.jpg,F:\Master Image File\_Unclassified\Screenshot_20250922_023615_WhatsAppBusiness.jpg,master,_Unclassified
20250805_151610000_iOS.jpg,F:\Master Image File\_Unclassified\20250805_151610000_iOS.jpg,master,_Unclassified
Atif DL 1.jpeg,F:\Master Image File\_Unclassified\Atif DL 1.jpeg,master,_Unclassified
074A.png,F:\Master Image File\_Unclassified\074A.png,master,_Unclassified
IMG-20240229-WA0014.jpg,F:\Master Image File\_Unclassified\IMG-20240229-WA0014.jpg,master,_Unclassified
IMG-20250203-WA0002.jpg,F:\Master Image File\_Unclassified\IMG-20250203-WA0002.jpg,master,_Unclassified
20251113_063316000_iOS.jpg,F:\Master Image File\_Unclassified\20251113_063316000_iOS.jpg,master,_Unclassified
bukh_nbsn_101_3_1.png,F:\Master Image File\_Unclassified\bukh_nbsn_101_3_1.png,master,_Unclassified
rollup_banner_dubai_200x200_large.jpg,F:\Master Image File\_Unclassified\rollup_banner_dubai_200x200_large.jpg,master,_Unclassified
IMG-20230626-WA0011.jpg,F:\Master Image File\_Unclassified\IMG-20230626-WA0011.jpg,master,_Unclassified
IMG-20230304-WA0000.jpg,F:\Master Image File\_Unclassified\IMG-20230304-WA0000.jpg,master,_Unclassified
itvr_725_-_pockit_-_pocket_360_vr_kit_3.jpg,F:\Master Image File\_Unclassified\itvr_725_-_pockit_-_pocket_360_vr_kit_3.jpg,master,_Unclassified
p2_2_11.jpg,F:\Master Image File\_Unclassified\p2_2_11.jpg,master,_Unclassified
IMG-20240223-WA0024.jpg,F:\Master Image File\_Unclassified\IMG-20240223-WA0024.jpg,master,_Unclassified
3943-02.jpg,F:\Master Image File\_Unclassified\3943-02.jpg,master,_Unclassified
20180101_150303000_iOS.jpg,F:\Master Image File\_Unclassified\20180101_150303000_iOS.jpg,master,_Unclassified
IMG-20241209-WA0001.jpg,F:\Master Image File\_Unclassified\IMG-20241209-WA0001.jpg,master,_Unclassified
sign_board_product_1.jpg,F:\Master Image File\_Unclassified\sign_board_product_1.jpg,master,_Unclassified
PHOTO-2026-02-07-15-06-32.jpg,F:\Master Image File\_Unclassified\PHOTO-2026-02-07-15-06-32.jpg,master,_Unclassified
IMG-20240430-WA0046.jpg,F:\Master Image File\_Unclassified\IMG-20240430-WA0046.jpg,master,_Unclassified
SDDD1.png,F:\Master Image File\_Unclassified\SDDD1.png,master,_Unclassified
1000071353.jpg,F:\Master Image File\_Unclassified\1000071353.jpg,master,_Unclassified
piller_1.jpg,F:\Master Image File\_Unclassified\piller_1.jpg,master,_Unclassified
IMG_20231015_151759_1.jpg,F:\Master Image File\_Unclassified\IMG_20231015_151759_1.jpg,master,_Unclassified
1000062913.jpg,F:\Master Image File\_Unclassified\1000062913.jpg,master,_Unclassified
IMG-20250306-WA0088.jpg,F:\Master Image File\_Unclassified\IMG-20250306-WA0088.jpg,master,_Unclassified
20251121_125533000_iOS.jpg,F:\Master Image File\_Unclassified\20251121_125533000_iOS.jpg,master,_Unclassified
IMG-20230621-WA0015.jpg,F:\Master Image File\_Unclassified\IMG-20230621-WA0015.jpg,master,_Unclassified
20251031_041608000_iOS.jpg,F:\Master Image File\_Unclassified\20251031_041608000_iOS.jpg,master,_Unclassified
IMG-20240809-WA0011.jpg,F:\Master Image File\_Unclassified\IMG-20240809-WA0011.jpg,master,_Unclassified
IMG-20241018-WA0010.jpg,F:\Master Image File\_Unclassified\IMG-20241018-WA0010.jpg,master,_Unclassified
readymade_stamp_dubai-019.webp,F:\Master Image File\_Unclassified\readymade_stamp_dubai-019.webp,master,_Unclassified
IMG-20240315-WA0004.jpg,F:\Master Image File\_Unclassified\IMG-20240315-WA0004.jpg,master,_Unclassified
bc_079_big_M.webp,F:\Master Image File\_Unclassified\bc_079_big_M.webp,master,_Unclassified
IMG-20230729-WA0003.jpg,F:\Master Image File\_Unclassified\IMG-20230729-WA0003.jpg,master,_Unclassified
IMG_20230923_175922.jpg,F:\Master Image File\_Unclassified\IMG_20230923_175922.jpg,master,_Unclassified
Screenshot_20250107-085621.png,F:\Master Image File\_Unclassified\Screenshot_20250107-085621.png,master,_Unclassified
pocket-handkerchief-fashion-dubai-01.webp,F:\Master Image File\_Unclassified\pocket-handkerchief-fashion-dubai-01.webp,master,_Unclassified
20251023_095000000_iOS.jpg,F:\Master Image File\_Unclassified\20251023_095000000_iOS.jpg,master,_Unclassified
20251120_144538000_iOS 1.jpg,F:\Master Image File\_Unclassified\20251120_144538000_iOS 1.jpg,master,_Unclassified
3964-03.jpg,F:\Master Image File\_Unclassified\3964-03.jpg,master,_Unclassified
a0toa4rolls.png,F:\Master Image File\_Unclassified\a0toa4rolls.png,master,_Unclassified
IMG-20240409-WA0004.jpg,F:\Master Image File\_Unclassified\IMG-20240409-WA0004.jpg,master,_Unclassified
IMG-20241116-WA0049.jpg,F:\Master Image File\_Unclassified\IMG-20241116-WA0049.jpg,master,_Unclassified
10.jpg,F:\Master Image File\_Unclassified\10.jpg,master,_Unclassified
20251127_014716000_iOS.jpg,F:\Master Image File\_Unclassified\20251127_014716000_iOS.jpg,master,_Unclassified
product_metafield.jpg,F:\Master Image File\_Unclassified\product_metafield.jpg,master,_Unclassified
IMG-20230507-WA0009.jpg,F:\Master Image File\_Unclassified\IMG-20230507-WA0009.jpg,master,_Unclassified
puzzle.jpg,F:\Master Image File\_Unclassified\puzzle.jpg,master,_Unclassified
IMG-20240302-WA0007.jpg,F:\Master Image File\_Unclassified\IMG-20240302-WA0007.jpg,master,_Unclassified
instructions_letterhead_1_3.png,F:\Master Image File\_Unclassified\instructions_letterhead_1_3.png,master,_Unclassified
IMG-20241005-WA0026.jpg,F:\Master Image File\_Unclassified\IMG-20241005-WA0026.jpg,master,_Unclassified
20250820_082507000_iOS.jpg,F:\Master Image File\_Unclassified\20250820_082507000_iOS.jpg,master,_Unclassified
IMG-20230912-WA0043.jpg,F:\Master Image File\_Unclassified\IMG-20230912-WA0043.jpg,master,_Unclassified
dining_table_cloth_dubai_01.jpg,F:\Master Image File\_Unclassified\dining_table_cloth_dubai_01.jpg,master,_Unclassified
rss-2x.png,F:\Master Image File\_Unclassified\rss-2x.png,master,_Unclassified
Screenshot_20250721_225748_WhatsAppBusiness.jpg,F:\Master Image File\_Unclassified\Screenshot_20250721_225748_WhatsAppBusiness.jpg,master,_Unclassified
IMG-20240408-WA0010.jpg,F:\Master Image File\_Unclassified\IMG-20240408-WA0010.jpg,master,_Unclassified
20250722_084611000_iOS.jpg,F:\Master Image File\_Unclassified\20250722_084611000_iOS.jpg,master,_Unclassified
screen_shot_2021-02-03_at_6.42.11_pm_1.png,F:\Master Image File\_Unclassified\screen_shot_2021-02-03_at_6.42.11_pm_1.png,master,_Unclassified
IMG-20230621-WA0006.jpg,F:\Master Image File\_Unclassified\IMG-20230621-WA0006.jpg,master,_Unclassified
1_3_2.png,F:\Master Image File\_Unclassified\1_3_2.png,master,_Unclassified
IMG-20231130-WA0004.jpg,F:\Master Image File\_Unclassified\IMG-20231130-WA0004.jpg,master,_Unclassified
IMG_20231015_151755.jpg,F:\Master Image File\_Unclassified\IMG_20231015_151755.jpg,master,_Unclassified
id_cards_without_punch.webp,F:\Master Image File\_Unclassified\id_cards_without_punch.webp,master,_Unclassified
IMG-20240119-WA0012.jpg,F:\Master Image File\_Unclassified\IMG-20240119-WA0012.jpg,master,_Unclassified
20251026_134425000_iOS.jpg,F:\Master Image File\_Unclassified\20251026_134425000_iOS.jpg,master,_Unclassified
PHOTO-2025-11-23-23-56-25.jpg,F:\Master Image File\_Unclassified\PHOTO-2025-11-23-23-56-25.jpg,master,_Unclassified
8InchBlackZZPlant.png,F:\Master Image File\_Unclassified\8InchBlackZZPlant.png,master,_Unclassified
IMG-20240307-WA0001.jpg,F:\Master Image File\_Unclassified\IMG-20240307-WA0001.jpg,master,_Unclassified
20251119_151312000_iOS.jpg,F:\Master Image File\_Unclassified\20251119_151312000_iOS.jpg,master,_Unclassified
p1_3_15.jpg,F:\Master Image File\_Unclassified\p1_3_15.jpg,master,_Unclassified
IMG-20250529-WA0024.jpg,F:\Master Image File\_Unclassified\IMG-20250529-WA0024.jpg,master,_Unclassified
IMG-20240330-WA0021.jpg,F:\Master Image File\_Unclassified\IMG-20240330-WA0021.jpg,master,_Unclassified
cd-and-cd-cover-with-branding-281.jpg,F:\Master Image File\_Unclassified\cd-and-cd-cover-with-branding-281.jpg,master,_Unclassified
934179_thumbnail.png,F:\Master Image File\_Unclassified\934179_thumbnail.png,master,_Unclassified
IMG-20240718-WA0009.jpg,F:\Master Image File\_Unclassified\IMG-20240718-WA0009.jpg,master,_Unclassified
20250919_112504000_iOS.jpg,F:\Master Image File\_Unclassified\20250919_112504000_iOS.jpg,master,_Unclassified
20250811_090320000_iOS 1.jpg,F:\Master Image File\_Unclassified\20250811_090320000_iOS 1.jpg,master,_Unclassified
6 Roses 3 Red and 3 Yellow in white paper v1 .jpg,F:\Master Image File\_Unclassified\6 Roses 3 Red and 3 Yellow in white paper v1 .jpg,master,_Unclassified
car_flags_dubai_02.webp,F:\Master Image File\_Unclassified\car_flags_dubai_02.webp,master,_Unclassified
IMG-20240303-WA0003.jpg,F:\Master Image File\_Unclassified\IMG-20240303-WA0003.jpg,master,_Unclassified
7_6.jpg,F:\Master Image File\_Unclassified\7_6.jpg,master,_Unclassified
20251107_095658000_iOS.jpg,F:\Master Image File\_Unclassified\20251107_095658000_iOS.jpg,master,_Unclassified
BOOKMARK_wb.jpg,F:\Master Image File\_Unclassified\BOOKMARK_wb.jpg,master,_Unclassified
IMG-20230623-WA0043.jpg,F:\Master Image File\_Unclassified\IMG-20230623-WA0043.jpg,master,_Unclassified
IMG_20230923_170445.jpg,F:\Master Image File\_Unclassified\IMG_20230923_170445.jpg,master,_Unclassified
IMG_20231021_231531.jpg,F:\Master Image File\_Unclassified\IMG_20231021_231531.jpg,master,_Unclassified
IMG-20241210-WA0006.jpg,F:\Master Image File\_Unclassified\IMG-20241210-WA0006.jpg,master,_Unclassified
IMG_20231015_152001_1.jpg,F:\Master Image File\_Unclassified\IMG_20231015_152001_1.jpg,master,_Unclassified
20250815_063854000_iOS.jpg,F:\Master Image File\_Unclassified\20250815_063854000_iOS.jpg,master,_Unclassified
20251105_084440000_iOS 1.jpg,F:\Master Image File\_Unclassified\20251105_084440000_iOS 1.jpg,master,_Unclassified
IMG-20240401-WA0008.jpg,F:\Master Image File\_Unclassified\IMG-20240401-WA0008.jpg,master,_Unclassified
color_change.jpg,F:\Master Image File\_Unclassified\color_change.jpg,master,_Unclassified
folded_hang_tag_printing_dubai_3.webp,F:\Master Image File\_Unclassified\folded_hang_tag_printing_dubai_3.webp,master,_Unclassified
thick_floor_stickers_dubai.jpg,F:\Master Image File\_Unclassified\thick_floor_stickers_dubai.jpg,master,_Unclassified
IMG_20230923_170035.jpg,F:\Master Image File\_Unclassified\IMG_20230923_170035.jpg,master,_Unclassified
alegance_1.jpg,F:\Master Image File\_Unclassified\alegance_1.jpg,master,_Unclassified
IMG-20240705-WA0014.jpg,F:\Master Image File\_Unclassified\IMG-20240705-WA0014.jpg,master,_Unclassified
white_sublimation_bottles_small.jpg,F:\Master Image File\_Unclassified\white_sublimation_bottles_small.jpg,master,_Unclassified
IMG-20231119-WA0007.jpg,F:\Master Image File\_Unclassified\IMG-20231119-WA0007.jpg,master,_Unclassified
nben_102_corq_notebook_bamboo_pen_packed_in_gift_box_2.jpg,F:\Master Image File\_Unclassified\nben_102_corq_notebook_bamboo_pen_packed_in_gift_box_2.jpg,master,_Unclassified
pop_mug_dwxd_710_3.png,F:\Master Image File\_Unclassified\pop_mug_dwxd_710_3.png,master,_Unclassified
paper_cups_3.jpg,F:\Master Image File\_Unclassified\paper_cups_3.jpg,master,_Unclassified
20251104_112744000_iOS.jpg,F:\Master Image File\_Unclassified\20251104_112744000_iOS.jpg,master,_Unclassified
IMG-20241228-WA0017.jpg,F:\Master Image File\_Unclassified\IMG-20241228-WA0017.jpg,master,_Unclassified
6 Roses 3 Red and 3 Orange in white paper v1 .jpg,F:\Master Image File\_Unclassified\6 Roses 3 Red and 3 Orange in white paper v1 .jpg,master,_Unclassified
IMG-20230506-WA0010.jpg,F:\Master Image File\_Unclassified\IMG-20230506-WA0010.jpg,master,_Unclassified
white_card_usb_dubai.jpg,F:\Master Image File\_Unclassified\white_card_usb_dubai.jpg,master,_Unclassified
h81fce505fc754539979643fac6c503cft.jpg,F:\Master Image File\_Unclassified\h81fce505fc754539979643fac6c503cft.jpg,master,_Unclassified
IMG-20230705-WA0000.jpg,F:\Master Image File\_Unclassified\IMG-20230705-WA0000.jpg,master,_Unclassified
IMG-20240223-WA0021.jpg,F:\Master Image File\_Unclassified\IMG-20240223-WA0021.jpg,master,_Unclassified
PHOTO-2025-11-30-03-51-14.jpg,F:\Master Image File\_Unclassified\PHOTO-2025-11-30-03-51-14.jpg,master,_Unclassified
IMG-20230221-WA0022.jpg,F:\Master Image File\_Unclassified\IMG-20230221-WA0022.jpg,master,_Unclassified
IMG-20231113-WA0002.jpg,F:\Master Image File\_Unclassified\IMG-20231113-WA0002.jpg,master,_Unclassified
IMG-20230918-WA0010.jpg,F:\Master Image File\_Unclassified\IMG-20230918-WA0010.jpg,master,_Unclassified
20251113_141503000_iOS.jpg,F:\Master Image File\_Unclassified\20251113_141503000_iOS.jpg,master,_Unclassified
IMG-20230117-WA0001.jpg,F:\Master Image File\_Unclassified\IMG-20230117-WA0001.jpg,master,_Unclassified
IMG_20231126_130505_edit_584029866663502.jpg,F:\Master Image File\_Unclassified\IMG_20231126_130505_edit_584029866663502.jpg,master,_Unclassified
Lindt Extra Creamy Chocolate1.png,F:\Master Image File\_Unclassified\Lindt Extra Creamy Chocolate1.png,master,_Unclassified
Effcient Mulkiya 1.jpeg,F:\Master Image File\_Unclassified\Effcient Mulkiya 1.jpeg,master,_Unclassified
rollup_banner_dubai_100x200_standard.jpg,F:\Master Image File\_Unclassified\rollup_banner_dubai_100x200_standard.jpg,master,_Unclassified
20230630_165429 - Copy.jpg,F:\Master Image File\_Unclassified\20230630_165429 - Copy.jpg,master,_Unclassified
1000063407.jpg,F:\Master Image File\_Unclassified\1000063407.jpg,master,_Unclassified
IMG-20240404-WA0003.jpg,F:\Master Image File\_Unclassified\IMG-20240404-WA0003.jpg,master,_Unclassified
IMG-20231126-WA0001.jpg,F:\Master Image File\_Unclassified\IMG-20231126-WA0001.jpg,master,_Unclassified
IMG-20240130-WA0007.jpg,F:\Master Image File\_Unclassified\IMG-20240130-WA0007.jpg,master,_Unclassified
user.png,F:\Master Image File\_Unclassified\user.png,master,_Unclassified
trophy_prod.jpg,F:\Master Image File\_Unclassified\trophy_prod.jpg,master,_Unclassified
p3_2_14.jpg,F:\Master Image File\_Unclassified\p3_2_14.jpg,master,_Unclassified
20251113_085418000_iOS.jpg,F:\Master Image File\_Unclassified\20251113_085418000_iOS.jpg,master,_Unclassified
20251023_095003000_iOS 1.jpg,F:\Master Image File\_Unclassified\20251023_095003000_iOS 1.jpg,master,_Unclassified
20251105_094034000_iOS.jpg,F:\Master Image File\_Unclassified\20251105_094034000_iOS.jpg,master,_Unclassified
20250715_083656000_iOS.jpg,F:\Master Image File\_Unclassified\20250715_083656000_iOS.jpg,master,_Unclassified
Untitleddesign-2024-01-22T192318.429.png,F:\Master Image File\_Unclassified\Untitleddesign-2024-01-22T192318.429.png,master,_Unclassified
itmk_109_3.jpg,F:\Master Image File\_Unclassified\itmk_109_3.jpg,master,_Unclassified
5d5498fc-8ec4-4aca-98d9-6649823df999-600x338-1.jpg,F:\Master Image File\_Unclassified\5d5498fc-8ec4-4aca-98d9-6649823df999-600x338-1.jpg,master,_Unclassified
IMG_20230923_175924.jpg,F:\Master Image File\_Unclassified\IMG_20230923_175924.jpg,master,_Unclassified
IMG-20230614-WA0018.jpg,F:\Master Image File\_Unclassified\IMG-20230614-WA0018.jpg,master,_Unclassified
20250902_131626000_iOS.jpg,F:\Master Image File\_Unclassified\20250902_131626000_iOS.jpg,master,_Unclassified
"2100 px 12 Red Roses Graduation Flower Bouquet with Grads pick, love bear.jpg","F:\Master Image File\_Unclassified\2100 px 12 Red Roses Graduation Flower Bouquet with Grads pick, love bear.jpg",master,_Unclassified
20251115_174044000_iOS.jpg,F:\Master Image File\_Unclassified\20251115_174044000_iOS.jpg,master,_Unclassified
bc_012_big_I.webp,F:\Master Image File\_Unclassified\bc_012_big_I.webp,master,_Unclassified
pink-usb.jpg,F:\Master Image File\_Unclassified\pink-usb.jpg,master,_Unclassified
Untitleddesign-2022-04-12T095156.083.png,F:\Master Image File\_Unclassified\Untitleddesign-2022-04-12T095156.083.png,master,_Unclassified
IMG-20230909-WA0032.jpg,F:\Master Image File\_Unclassified\IMG-20230909-WA0032.jpg,master,_Unclassified
1000068936.jpg,F:\Master Image File\_Unclassified\1000068936.jpg,master,_Unclassified
20250919_154218000_iOS.jpg,F:\Master Image File\_Unclassified\20250919_154218000_iOS.jpg,master,_Unclassified
PHOTO-2026-02-19-16-18-24(1).jpg,F:\Master Image File\_Unclassified\PHOTO-2026-02-19-16-18-24(1).jpg,master,_Unclassified
PHOTO-2026-02-17-11-16-28(1).jpg,F:\Master Image File\_Unclassified\PHOTO-2026-02-17-11-16-28(1).jpg,master,_Unclassified
p1_2_1.jpg,F:\Master Image File\_Unclassified\p1_2_1.jpg,master,_Unclassified
IMG-20230205-WA0024.jpg,F:\Master Image File\_Unclassified\IMG-20230205-WA0024.jpg,master,_Unclassified
bc_011_big.webp,F:\Master Image File\_Unclassified\bc_011_big.webp,master,_Unclassified
20250709_072253000_iOS.jpg,F:\Master Image File\_Unclassified\20250709_072253000_iOS.jpg,master,_Unclassified
bc_075_big_M.webp,F:\Master Image File\_Unclassified\bc_075_big_M.webp,master,_Unclassified
Get-to-know-Apple-Support.png,F:\Master Image File\_Unclassified\Get-to-know-Apple-Support.png,master,_Unclassified
2_1_3.png,F:\Master Image File\_Unclassified\2_1_3.png,master,_Unclassified
canvas_product_1_1.jpg,F:\Master Image File\_Unclassified\canvas_product_1_1.jpg,master,_Unclassified
3975-01.jpg,F:\Master Image File\_Unclassified\3975-01.jpg,master,_Unclassified
p10_7.jpg,F:\Master Image File\_Unclassified\p10_7.jpg,master,_Unclassified
stamp.jpg,F:\Master Image File\_Unclassified\stamp.jpg,master,_Unclassified
IMG-20240429-WA0072.jpg,F:\Master Image File\_Unclassified\IMG-20240429-WA0072.jpg,master,_Unclassified
IMG-20240224-WA0020.jpg,F:\Master Image File\_Unclassified\IMG-20240224-WA0020.jpg,master,_Unclassified
IMG-20240111-WA0008.jpg,F:\Master Image File\_Unclassified\IMG-20240111-WA0008.jpg,master,_Unclassified
l_shape_flags_printing_dubai.webp,F:\Master Image File\_Unclassified\l_shape_flags_printing_dubai.webp,master,_Unclassified
2100 25 Red Rose Bouquet.jpg,F:\Master Image File\_Unclassified\2100 25 Red Rose Bouquet.jpg,master,_Unclassified
IMG-20240429-WA0087.jpg,F:\Master Image File\_Unclassified\IMG-20240429-WA0087.jpg,master,_Unclassified
coin_bags_real_image.jpg,F:\Master Image File\_Unclassified\coin_bags_real_image.jpg,master,_Unclassified
-dwxd_602_xddesign_bopp_sport_water_bottle_black_5.jpg,F:\Master Image File\_Unclassified\-dwxd_602_xddesign_bopp_sport_water_bottle_black_5.jpg,master,_Unclassified
golf3.jpg,F:\Master Image File\_Unclassified\golf3.jpg,master,_Unclassified
pens-0971488715784.jpg,F:\Master Image File\_Unclassified\pens-0971488715784.jpg,master,_Unclassified
IMG-20231127-WA0025.jpg,F:\Master Image File\_Unclassified\IMG-20231127-WA0025.jpg,master,_Unclassified
IMG-20230727-WA0003.jpg,F:\Master Image File\_Unclassified\IMG-20230727-WA0003.jpg,master,_Unclassified
20251101_141459000_iOS.jpg,F:\Master Image File\_Unclassified\20251101_141459000_iOS.jpg,master,_Unclassified
IMG-20240510-WA0004.jpg,F:\Master Image File\_Unclassified\IMG-20240510-WA0004.jpg,master,_Unclassified
bandana-thumb-dubai.webp,F:\Master Image File\_Unclassified\bandana-thumb-dubai.webp,master,_Unclassified
IMG-20230623-WA0026.jpg,F:\Master Image File\_Unclassified\IMG-20230623-WA0026.jpg,master,_Unclassified
20250915_122156000_iOS.jpg,F:\Master Image File\_Unclassified\20250915_122156000_iOS.jpg,master,_Unclassified
IMG-20240405-WA0006.jpg,F:\Master Image File\_Unclassified\IMG-20240405-WA0006.jpg,master,_Unclassified
IMG-20240421-WA0002.jpg,F:\Master Image File\_Unclassified\IMG-20240421-WA0002.jpg,master,_Unclassified
PHOTO-2026-01-17-15-48-11.jpg,F:\Master Image File\_Unclassified\PHOTO-2026-01-17-15-48-11.jpg,master,_Unclassified
IMG-20231023-WA0030.jpg,F:\Master Image File\_Unclassified\IMG-20231023-WA0030.jpg,master,_Unclassified
main_image_dwxd_910_911_1.jpg,F:\Master Image File\_Unclassified\main_image_dwxd_910_911_1.jpg,master,_Unclassified
IMG-20230208-WA0007.jpg,F:\Master Image File\_Unclassified\IMG-20230208-WA0007.jpg,master,_Unclassified
IMG-20240126-WA0000.jpg,F:\Master Image File\_Unclassified\IMG-20240126-WA0000.jpg,master,_Unclassified
itpb_420_-_rey_1.png,F:\Master Image File\_Unclassified\itpb_420_-_rey_1.png,master,_Unclassified
chrome-logo-2023.png,F:\Master Image File\_Unclassified\chrome-logo-2023.png,master,_Unclassified
PHOTO-2024-12-10-18-31-51(2).jpg,F:\Master Image File\_Unclassified\PHOTO-2024-12-10-18-31-51(2).jpg,master,_Unclassified
20251104_095153000_iOS.jpg,F:\Master Image File\_Unclassified\20251104_095153000_iOS.jpg,master,_Unclassified
pn1.jpg,F:\Master Image File\_Unclassified\pn1.jpg,master,_Unclassified
IMG-20230903-WA0001.jpg,F:\Master Image File\_Unclassified\IMG-20230903-WA0001.jpg,master,_Unclassified
PHOTO-2025-11-30-03-51-16.jpg,F:\Master Image File\_Unclassified\PHOTO-2025-11-30-03-51-16.jpg,master,_Unclassified
straight_fabric_backdrop_dubai_03.webp,F:\Master Image File\_Unclassified\straight_fabric_backdrop_dubai_03.webp,master,_Unclassified
IMG-20230403-WA0015.jpg,F:\Master Image File\_Unclassified\IMG-20230403-WA0015.jpg,master,_Unclassified
20250722_142942000_iOS 1.jpg,F:\Master Image File\_Unclassified\20250722_142942000_iOS 1.jpg,master,_Unclassified
fabric_hand_banners_dubai.webp,F:\Master Image File\_Unclassified\fabric_hand_banners_dubai.webp,master,_Unclassified
IMG-20230403-WA0022.jpg,F:\Master Image File\_Unclassified\IMG-20230403-WA0022.jpg,master,_Unclassified
IMG-20240207-WA0006.jpg,F:\Master Image File\_Unclassified\IMG-20240207-WA0006.jpg,master,_Unclassified
IMG-20240316-WA0013.jpg,F:\Master Image File\_Unclassified\IMG-20240316-WA0013.jpg,master,_Unclassified
stamp_tax_1.jpg,F:\Master Image File\_Unclassified\stamp_tax_1.jpg,master,_Unclassified
Screenshot_20250709_225441_Outlook.jpg,F:\Master Image File\_Unclassified\Screenshot_20250709_225441_Outlook.jpg,master,_Unclassified
20251121_171850000_iOS.jpg,F:\Master Image File\_Unclassified\20251121_171850000_iOS.jpg,master,_Unclassified
IMG_20230930_000947.jpg,F:\Master Image File\_Unclassified\IMG_20230930_000947.jpg,master,_Unclassified
received_277956644738688.jpeg,F:\Master Image File\_Unclassified\received_277956644738688.jpeg,master,_Unclassified
softcase_straight_popup_banner_printing_dubai_2.webp,F:\Master Image File\_Unclassified\softcase_straight_popup_banner_printing_dubai_2.webp,master,_Unclassified
IMG-20230918-WA0011.jpg,F:\Master Image File\_Unclassified\IMG-20230918-WA0011.jpg,master,_Unclassified
20251106_152926000_iOS.jpg,F:\Master Image File\_Unclassified\20251106_152926000_iOS.jpg,master,_Unclassified
IMG-20240522-WA0024.jpg,F:\Master Image File\_Unclassified\IMG-20240522-WA0024.jpg,master,_Unclassified
pen_pouch_prod.jpg,F:\Master Image File\_Unclassified\pen_pouch_prod.jpg,master,_Unclassified
20251124_103905000_iOS.jpg,F:\Master Image File\_Unclassified\20251124_103905000_iOS.jpg,master,_Unclassified
IMG-20240223-WA0027.jpg,F:\Master Image File\_Unclassified\IMG-20240223-WA0027.jpg,master,_Unclassified
20250802_084556000_iOS.jpg,F:\Master Image File\_Unclassified\20250802_084556000_iOS.jpg,master,_Unclassified
IMG-20230523-WA0002.jpg,F:\Master Image File\_Unclassified\IMG-20230523-WA0002.jpg,master,_Unclassified
IMG-20241002-WA0000.jpg,F:\Master Image File\_Unclassified\IMG-20241002-WA0000.jpg,master,_Unclassified
IMG-20241101-WA0013.jpg,F:\Master Image File\_Unclassified\IMG-20241101-WA0013.jpg,master,_Unclassified
bc_003_big_K.webp,F:\Master Image File\_Unclassified\bc_003_big_K.webp,master,_Unclassified
IMG-20240406-WA0014.jpg,F:\Master Image File\_Unclassified\IMG-20240406-WA0014.jpg,master,_Unclassified
lunch_box.jpg,F:\Master Image File\_Unclassified\lunch_box.jpg,master,_Unclassified
20250829_161926000_iOS.jpg,F:\Master Image File\_Unclassified\20250829_161926000_iOS.jpg,master,_Unclassified
floral_pattern_template_09.jpg,F:\Master Image File\_Unclassified\floral_pattern_template_09.jpg,master,_Unclassified
Sail-Flag-One-Side-Printing-Dubai.jpg,F:\Master Image File\_Unclassified\Sail-Flag-One-Side-Printing-Dubai.jpg,master,_Unclassified
Pink Gerbera Graduation Flower Bouquet with Grads Balloon2.jpeg,F:\Master Image File\_Unclassified\Pink Gerbera Graduation Flower Bouquet with Grads Balloon2.jpeg,master,_Unclassified
20250723_151252000_iOS.jpg,F:\Master Image File\_Unclassified\20250723_151252000_iOS.jpg,master,_Unclassified
dark_red.jpg,F:\Master Image File\_Unclassified\dark_red.jpg,master,_Unclassified
3 Red Roses Bouquet with BB.jpg,F:\Master Image File\_Unclassified\3 Red Roses Bouquet with BB.jpg,master,_Unclassified
IMG-20240313-WA0009.jpg,F:\Master Image File\_Unclassified\IMG-20240313-WA0009.jpg,master,_Unclassified
20250910_060816000_iOS.jpg,F:\Master Image File\_Unclassified\20250910_060816000_iOS.jpg,master,_Unclassified
20250721_181333000_iOS.jpg,F:\Master Image File\_Unclassified\20250721_181333000_iOS.jpg,master,_Unclassified
2100px Ishini Flower Arrangements_magic.jpg,F:\Master Image File\_Unclassified\2100px Ishini Flower Arrangements_magic.jpg,master,_Unclassified
IMG-20240419-WA0018.jpg,F:\Master Image File\_Unclassified\IMG-20240419-WA0018.jpg,master,_Unclassified
IMG-20230331-WA0005.jpg,F:\Master Image File\_Unclassified\IMG-20230331-WA0005.jpg,master,_Unclassified
a4_envelopes_flap_paperpouch_4.jpg,F:\Master Image File\_Unclassified\a4_envelopes_flap_paperpouch_4.jpg,master,_Unclassified
IMG-20240208-WA0015.jpg,F:\Master Image File\_Unclassified\IMG-20240208-WA0015.jpg,master,_Unclassified
PHOTO-2026-01-03-16-29-02.jpg,F:\Master Image File\_Unclassified\PHOTO-2026-01-03-16-29-02.jpg,master,_Unclassified
20250618_065659000_iOS.jpg,F:\Master Image File\_Unclassified\20250618_065659000_iOS.jpg,master,_Unclassified
cardshape_usb.jpg,F:\Master Image File\_Unclassified\cardshape_usb.jpg,master,_Unclassified
kraft_scribble_books_in_dubai.webp,F:\Master Image File\_Unclassified\kraft_scribble_books_in_dubai.webp,master,_Unclassified
IMG-20250113-WA0017.jpg,F:\Master Image File\_Unclassified\IMG-20250113-WA0017.jpg,master,_Unclassified
IMG-20240401-WA0024.jpg,F:\Master Image File\_Unclassified\IMG-20240401-WA0024.jpg,master,_Unclassified
metal-base-thumb-dubai.webp,F:\Master Image File\_Unclassified\metal-base-thumb-dubai.webp,master,_Unclassified
20250707_084351000_iOS.jpg,F:\Master Image File\_Unclassified\20250707_084351000_iOS.jpg,master,_Unclassified
20180320_190736000_iOS 2.jpg,F:\Master Image File\_Unclassified\20180320_190736000_iOS 2.jpg,master,_Unclassified
IMG-20240530-WA0005.jpg,F:\Master Image File\_Unclassified\IMG-20240530-WA0005.jpg,master,_Unclassified
section_banner_v2.jpg,F:\Master Image File\_Unclassified\section_banner_v2.jpg,master,_Unclassified
IMG-20240329-WA0063.jpg,F:\Master Image File\_Unclassified\IMG-20240329-WA0063.jpg,master,_Unclassified
IMG-20240318-WA0008.jpg,F:\Master Image File\_Unclassified\IMG-20240318-WA0008.jpg,master,_Unclassified
1_7.jpg,F:\Master Image File\_Unclassified\1_7.jpg,master,_Unclassified
blank_frosted_glass_stickers_dubai.jpg,F:\Master Image File\_Unclassified\blank_frosted_glass_stickers_dubai.jpg,master,_Unclassified
Screenshot_20260110_115349_WhatsAppBusiness.jpg,F:\Master Image File\_Unclassified\Screenshot_20260110_115349_WhatsAppBusiness.jpg,master,_Unclassified
20230813_182612 - Copy.jpg,F:\Master Image File\_Unclassified\20230813_182612 - Copy.jpg,master,_Unclassified
screenshot.png,F:\Master Image File\_Unclassified\screenshot.png,master,_Unclassified
IMG-20230814-WA0055.jpg,F:\Master Image File\_Unclassified\IMG-20230814-WA0055.jpg,master,_Unclassified
3.png,F:\Master Image File\_Unclassified\3.png,master,_Unclassified
IMG-20250227-WA0001.jpg,F:\Master Image File\_Unclassified\IMG-20250227-WA0001.jpg,master,_Unclassified
keyboard_.jpg,F:\Master Image File\_Unclassified\keyboard_.jpg,master,_Unclassified
IMG-20230311-WA0016.jpg,F:\Master Image File\_Unclassified\IMG-20230311-WA0016.jpg,master,_Unclassified
20250829_143841000_iOS.jpg,F:\Master Image File\_Unclassified\20250829_143841000_iOS.jpg,master,_Unclassified
top.png,F:\Master Image File\_Unclassified\top.png,master,_Unclassified
iphone-x-colors.jpg,F:\Master Image File\_Unclassified\iphone-x-colors.jpg,master,_Unclassified
usub_5581_5771_cd_3.jpg,F:\Master Image File\_Unclassified\usub_5581_5771_cd_3.jpg,master,_Unclassified
IMG-20250128-WA0044.jpg,F:\Master Image File\_Unclassified\IMG-20250128-WA0044.jpg,master,_Unclassified
IMG-20240405-WA0014.jpg,F:\Master Image File\_Unclassified\IMG-20240405-WA0014.jpg,master,_Unclassified
Screenshot_20250216-105317.png,F:\Master Image File\_Unclassified\Screenshot_20250216-105317.png,master,_Unclassified
IMG-20240128-WA0024.jpg,F:\Master Image File\_Unclassified\IMG-20240128-WA0024.jpg,master,_Unclassified
20250711_114747000_iOS.jpg,F:\Master Image File\_Unclassified\20250711_114747000_iOS.jpg,master,_Unclassified
Screenshot_20250302-125426.png,F:\Master Image File\_Unclassified\Screenshot_20250302-125426.png,master,_Unclassified
milky_white_tape_1.jpg,F:\Master Image File\_Unclassified\milky_white_tape_1.jpg,master,_Unclassified
IMG-20240318-WA0002.jpg,F:\Master Image File\_Unclassified\IMG-20240318-WA0002.jpg,master,_Unclassified
Hoya Heart.jpeg,F:\Master Image File\_Unclassified\Hoya Heart.jpeg,master,_Unclassified
20250725_081356000_iOS.jpg,F:\Master Image File\_Unclassified\20250725_081356000_iOS.jpg,master,_Unclassified
IMG_20240102_191433.jpg,F:\Master Image File\_Unclassified\IMG_20240102_191433.jpg,master,_Unclassified
IMG-20240429-WA0141.jpg,F:\Master Image File\_Unclassified\IMG-20240429-WA0141.jpg,master,_Unclassified
1_2_13.png,F:\Master Image File\_Unclassified\1_2_13.png,master,_Unclassified
IMG-20241121-WA0061.jpg,F:\Master Image File\_Unclassified\IMG-20241121-WA0061.jpg,master,_Unclassified
tiffany_wax_stick_dubai.webp,F:\Master Image File\_Unclassified\tiffany_wax_stick_dubai.webp,master,_Unclassified
_itpb_825_1000x1000_2.jpg,F:\Master Image File\_Unclassified\_itpb_825_1000x1000_2.jpg,master,_Unclassified
IMG-20230525-WA0001.jpg,F:\Master Image File\_Unclassified\IMG-20230525-WA0001.jpg,master,_Unclassified
IMG-20241222-WA0006.jpg,F:\Master Image File\_Unclassified\IMG-20241222-WA0006.jpg,master,_Unclassified
flyers_thin_1_prod.jpg,F:\Master Image File\_Unclassified\flyers_thin_1_prod.jpg,master,_Unclassified
bc_008_big_K.webp,F:\Master Image File\_Unclassified\bc_008_big_K.webp,master,_Unclassified
section_product_v4.jpg,F:\Master Image File\_Unclassified\section_product_v4.jpg,master,_Unclassified
IMG-20240331-WA0019.jpg,F:\Master Image File\_Unclassified\IMG-20240331-WA0019.jpg,master,_Unclassified
IMG-20240411-WA0023.jpg,F:\Master Image File\_Unclassified\IMG-20240411-WA0023.jpg,master,_Unclassified
Embossing-Stamp-Manufacturing-Dubai.jpg,F:\Master Image File\_Unclassified\Embossing-Stamp-Manufacturing-Dubai.jpg,master,_Unclassified
20250827_150218000_iOS.jpg,F:\Master Image File\_Unclassified\20250827_150218000_iOS.jpg,master,_Unclassified
IMG-20240203-WA0015.jpg,F:\Master Image File\_Unclassified\IMG-20240203-WA0015.jpg,master,_Unclassified
IMG-20230213-WA0000.jpg,F:\Master Image File\_Unclassified\IMG-20230213-WA0000.jpg,master,_Unclassified
20180327_202751000_iOS.jpg,F:\Master Image File\_Unclassified\20180327_202751000_iOS.jpg,master,_Unclassified
IMG-20230414-WA0019.jpg,F:\Master Image File\_Unclassified\IMG-20230414-WA0019.jpg,master,_Unclassified
20250827_170628000_iOS.jpg,F:\Master Image File\_Unclassified\20250827_170628000_iOS.jpg,master,_Unclassified
one_way_vision_sticker_printing_dubai.jpg,F:\Master Image File\_Unclassified\one_way_vision_sticker_printing_dubai.jpg,master,_Unclassified
doormat.jpg,F:\Master Image File\_Unclassified\doormat.jpg,master,_Unclassified
usub_4107_4670_cd_2.jpg,F:\Master Image File\_Unclassified\usub_4107_4670_cd_2.jpg,master,_Unclassified
bc_073_big_E.webp,F:\Master Image File\_Unclassified\bc_073_big_E.webp,master,_Unclassified
clock_wood.jpg,F:\Master Image File\_Unclassified\clock_wood.jpg,master,_Unclassified
20251113_223806000_iOS 1.jpg,F:\Master Image File\_Unclassified\20251113_223806000_iOS 1.jpg,master,_Unclassified
20250623_192143000_iOS 1.jpg,F:\Master Image File\_Unclassified\20250623_192143000_iOS 1.jpg,master,_Unclassified
IMG-20240315-WA0013.jpg,F:\Master Image File\_Unclassified\IMG-20240315-WA0013.jpg,master,_Unclassified
IMG-20230525-WA0007.jpg,F:\Master Image File\_Unclassified\IMG-20230525-WA0007.jpg,master,_Unclassified
20251104_081046000_iOS.jpg,F:\Master Image File\_Unclassified\20251104_081046000_iOS.jpg,master,_Unclassified
icon-foldedbc.jpg,F:\Master Image File\_Unclassified\icon-foldedbc.jpg,master,_Unclassified
office_wall_signage_dubai_04.jpg,F:\Master Image File\_Unclassified\office_wall_signage_dubai_04.jpg,master,_Unclassified
homepage_productnav_ipad_2x.png,F:\Master Image File\_Unclassified\homepage_productnav_ipad_2x.png,master,_Unclassified
IMG-20241012-WA0009.jpg,F:\Master Image File\_Unclassified\IMG-20241012-WA0009.jpg,master,_Unclassified
IMG_20240102_191547.jpg,F:\Master Image File\_Unclassified\IMG_20240102_191547.jpg,master,_Unclassified
IMG-20230607-WA0001.jpg,F:\Master Image File\_Unclassified\IMG-20230607-WA0001.jpg,master,_Unclassified
IMG-20231129-WA0015.jpg,F:\Master Image File\_Unclassified\IMG-20231129-WA0015.jpg,master,_Unclassified
ready_stamps.jpg,F:\Master Image File\_Unclassified\ready_stamps.jpg,master,_Unclassified
170_thumbnail.png,F:\Master Image File\_Unclassified\170_thumbnail.png,master,_Unclassified
PHOTO-2024-11-22-18-20-25(1).jpg,F:\Master Image File\_Unclassified\PHOTO-2024-11-22-18-20-25(1).jpg,master,_Unclassified
IMG-20240305-WA0027.jpg,F:\Master Image File\_Unclassified\IMG-20240305-WA0027.jpg,master,_Unclassified
PHOTO-2025-01-18-18-52-44.jpg,F:\Master Image File\_Unclassified\PHOTO-2025-01-18-18-52-44.jpg,master,_Unclassified
IMG-20240820-WA0011.jpg,F:\Master Image File\_Unclassified\IMG-20240820-WA0011.jpg,master,_Unclassified
IMG-20230912-WA0020.jpg,F:\Master Image File\_Unclassified\IMG-20230912-WA0020.jpg,master,_Unclassified
invitation_main_2.jpg,F:\Master Image File\_Unclassified\invitation_main_2.jpg,master,_Unclassified
minipedestal.png,F:\Master Image File\_Unclassified\minipedestal.png,master,_Unclassified
ACRYLIC_BANNER1.jpg,F:\Master Image File\_Unclassified\ACRYLIC_BANNER1.jpg,master,_Unclassified
IMG-20241115-WA0010.jpg,F:\Master Image File\_Unclassified\IMG-20241115-WA0010.jpg,master,_Unclassified
IMG-20250122-WA0119.jpg,F:\Master Image File\_Unclassified\IMG-20250122-WA0119.jpg,master,_Unclassified
a1_size_posters_dubai.jpg,F:\Master Image File\_Duplicates\a1_size_posters_dubai.jpg,master,_Duplicates
IMG-20231226-WA0019.jpg,F:\Master Image File\_Duplicates\IMG-20231226-WA0019.jpg,master,_Duplicates
IMG-20240305-WA0016.jpg,F:\Master Image File\_Duplicates\IMG-20240305-WA0016.jpg,master,_Duplicates
IMG-20250225-WA0149.jpg,F:\Master Image File\_Duplicates\IMG-20250225-WA0149.jpg,master,_Duplicates
IMG-20240223-WA0024.jpg,F:\Master Image File\_Duplicates\IMG-20240223-WA0024.jpg,master,_Duplicates
PHOTO-2025-11-23-23-56-18.jpg,F:\Master Image File\_Duplicates\PHOTO-2025-11-23-23-56-18.jpg,master,_Duplicates
IMG_20240707_133336_edit_68573908765163.jpg,F:\Master Image File\_Duplicates\IMG_20240707_133336_edit_68573908765163.jpg,master,_Duplicates
Amaydiri impressions - Sails Flat Flag Mock Up - V001 - 17-2-2022.jpg,F:\Master Image File\Vipin Mock Up\Amaydiri impressions - Sails Flat Flag Mock Up - V001 - 17-2-2022.jpg,master,Vipin Mock Up
Kushboo jewels - Sails inner curve Flag- V002 - 2-9-2022.jpg,F:\Master Image File\Vipin Mock Up\Kushboo jewels - Sails inner curve Flag- V002 - 2-9-2022.jpg,master,Vipin Mock Up
Oris Arabic L Shape Flag Mock Up - V001- 1-3-2026.jpg,F:\Master Image File\Vipin Mock Up\Oris Arabic L Shape Flag Mock Up - V001- 1-3-2026.jpg,master,Vipin Mock Up
Oris English L Shape Flag Mock Up - V001- 1-3-2026.jpg,F:\Master Image File\Vipin Mock Up\Oris English L Shape Flag Mock Up - V001- 1-3-2026.jpg,master,Vipin Mock Up
Oris White L Shape Flag Mock Up - V001- 1-3-2026.jpg,F:\Master Image File\Vipin Mock Up\Oris White L Shape Flag Mock Up - V001- 1-3-2026.jpg,master,Vipin Mock Up
Shams Al Madina - L shape Flag Mock Up - V001 - 29-3-2022.jpg,F:\Master Image File\Vipin Mock Up\Shams Al Madina - L shape Flag Mock Up - V001 - 29-3-2022.jpg,master,Vipin Mock Up
Slaw L Shape Flag Mock Up 1 - V001 - 1-3-2022.jpg,F:\Master Image File\Vipin Mock Up\Slaw L Shape Flag Mock Up 1 - V001 - 1-3-2022.jpg,master,Vipin Mock Up
Slaw L Shape Flag Mock Up 2 - V001 - 1-3-2022.jpg,F:\Master Image File\Vipin Mock Up\Slaw L Shape Flag Mock Up 2 - V001 - 1-3-2022.jpg,master,Vipin Mock Up
Slaw Tear Drop Flag Mock Up 1 - V001 - 1-3-2022.jpg,F:\Master Image File\Vipin Mock Up\Slaw Tear Drop Flag Mock Up 1 - V001 - 1-3-2022.jpg,master,Vipin Mock Up
Slaw Tear Drop Flag Mock Up 2 - V001 - 1-3-2022.jpg,F:\Master Image File\Vipin Mock Up\Slaw Tear Drop Flag Mock Up 2 - V001 - 1-3-2022.jpg,master,Vipin Mock Up
UAE L Shape Flag Mock Up - V001 - 1-3-2022.jpg,F:\Master Image File\Vipin Mock Up\UAE L Shape Flag Mock Up - V001 - 1-3-2022.jpg,master,Vipin Mock Up
OpenCIMG_20240608_011142.jpg,C:\Users\merch\OneDrive\Pictures\Download Images\Camera Roll\OpenCIMG_20240608_011142.jpg,download,Camera Roll
OpenCIMG_20240608_011152.jpg,C:\Users\merch\OneDrive\Pictures\Download Images\Camera Roll\OpenCIMG_20240608_011152.jpg,download,Camera Roll
IMG-20221119-WA0002.jpg,C:\Users\merch\OneDrive\Pictures\Download Images\FinchGiftShopWhatsapp Media\IMG-20221119-WA0002.jpg,download,FinchGiftShopWhatsapp Media
IMG-20221119-WA0020.jpg,C:\Users\merch\OneDrive\Pictures\Download Images\FinchGiftShopWhatsapp Media\IMG-20221119-WA0020.jpg,download,FinchGiftShopWhatsapp Media
IMG-20221209-WA0000.jpg,C:\Users\merch\OneDrive\Pictures\Download Images\FinchGiftShopWhatsapp Media\IMG-20221209-WA0000.jpg,download,FinchGiftShopWhatsapp Media
IMG-20221209-WA0001.jpg,C:\Users\merch\OneDrive\Pictures\Download Images\FinchGiftShopWhatsapp Media\IMG-20221209-WA0001.jpg,download,FinchGiftShopWhatsapp Media
IMG-20221209-WA0002.jpg,C:\Users\merch\OneDrive\Pictures\Download Images\FinchGiftShopWhatsapp Media\IMG-20221209-WA0002.jpg,download,FinchGiftShopWhatsapp Media
IMG-20221209-WA0003.jpg,C:\Users\merch\OneDrive\Pictures\Download Images\FinchGiftShopWhatsapp Media\IMG-20221209-WA0003.jpg,download,FinchGiftShopWhatsapp Media
IMG-20221209-WA0004.jpg,C:\Users\merch\OneDrive\Pictures\Download Images\FinchGiftShopWhatsapp Media\IMG-20221209-WA0004.jpg,download,FinchGiftShopWhatsapp Media
IMG-20221209-WA0006.jpg,C:\Users\merch\OneDrive\Pictures\Download Images\FinchGiftShopWhatsapp Media\IMG-20221209-WA0006.jpg,download,FinchGiftShopWhatsapp Media
IMG-20221227-WA0000.jpeg,C:\Users\merch\OneDrive\Pictures\Download Images\FinchGiftShopWhatsapp Media\IMG-20221227-WA0000.jpeg,download,FinchGiftShopWhatsapp Media
IMG-20230116-WA0005.jpg,C:\Users\merch\OneDrive\Pictures\Download Images\FinchGiftShopWhatsapp Media\IMG-20230116-WA0005.jpg,download,FinchGiftShopWhatsapp Media
IMG-20230124-WA0000.jpeg,C:\Users\merch\OneDrive\Pictures\Download Images\FinchGiftShopWhatsapp Media\IMG-20230124-WA0000.jpeg,download,FinchGiftShopWhatsapp Media
IMG-20230215-WA0003.jpeg,C:\Users\merch\OneDrive\Pictures\Download Images\FinchGiftShopWhatsapp Media\IMG-20230215-WA0003.jpeg,download,FinchGiftShopWhatsapp Media
IMG-20230215-WA0005.jpeg,C:\Users\merch\OneDrive\Pictures\Download Images\FinchGiftShopWhatsapp Media\IMG-20230215-WA0005.jpeg,download,FinchGiftShopWhatsapp Media
IMG-20230216-WA0007.jpeg,C:\Users\merch\OneDrive\Pictures\Download Images\FinchGiftShopWhatsapp Media\IMG-20230216-WA0007.jpeg,download,FinchGiftShopWhatsapp Media
IMG-20230216-WA0009.jpeg,C:\Users\merch\OneDrive\Pictures\Download Images\FinchGiftShopWhatsapp Media\IMG-20230216-WA0009.jpeg,download,FinchGiftShopWhatsapp Media
IMG-20230216-WA0011.jpeg,C:\Users\merch\OneDrive\Pictures\Download Images\FinchGiftShopWhatsapp Media\IMG-20230216-WA0011.jpeg,download,FinchGiftShopWhatsapp Media
IMG-20230216-WA0013.jpeg,C:\Users\merch\OneDrive\Pictures\Download Images\FinchGiftShopWhatsapp Media\IMG-20230216-WA0013.jpeg,download,FinchGiftShopWhatsapp Media
IMG-20230216-WA0015.jpeg,C:\Users\merch\OneDrive\Pictures\Download Images\FinchGiftShopWhatsapp Media\IMG-20230216-WA0015.jpeg,download,FinchGiftShopWhatsapp Media
IMG-20230216-WA0018.jpeg,C:\Users\merch\OneDrive\Pictures\Download Images\FinchGiftShopWhatsapp Media\IMG-20230216-WA0018.jpeg,download,FinchGiftShopWhatsapp Media
IMG-20230216-WA0020.jpeg,C:\Users\merch\OneDrive\Pictures\Download Images\FinchGiftShopWhatsapp Media\IMG-20230216-WA0020.jpeg,download,FinchGiftShopWhatsapp Media
IMG-20230218-WA0009.jpeg,C:\Users\merch\OneDrive\Pictures\Download Images\FinchGiftShopWhatsapp Media\IMG-20230218-WA0009.jpeg,download,FinchGiftShopWhatsapp Media
IMG-20230221-WA0018.jpeg,C:\Users\merch\OneDrive\Pictures\Download Images\FinchGiftShopWhatsapp Media\IMG-20230221-WA0018.jpeg,download,FinchGiftShopWhatsapp Media
IMG-20230221-WA0021.jpeg,C:\Users\merch\OneDrive\Pictures\Download Images\FinchGiftShopWhatsapp Media\IMG-20230221-WA0021.jpeg,download,FinchGiftShopWhatsapp Media
IMG-20230221-WA0024.jpeg,C:\Users\merch\OneDrive\Pictures\Download Images\FinchGiftShopWhatsapp Media\IMG-20230221-WA0024.jpeg,download,FinchGiftShopWhatsapp Media
IMG-20230224-WA0005.jpeg,C:\Users\merch\OneDrive\Pictures\Download Images\FinchGiftShopWhatsapp Media\IMG-20230224-WA0005.jpeg,download,FinchGiftShopWhatsapp Media
IMG-20230224-WA0007.jpeg,C:\Users\merch\OneDrive\Pictures\Download Images\FinchGiftShopWhatsapp Media\IMG-20230224-WA0007.jpeg,download,FinchGiftShopWhatsapp Media
IMG-20230224-WA0009.jpeg,C:\Users\merch\OneDrive\Pictures\Download Images\FinchGiftShopWhatsapp Media\IMG-20230224-WA0009.jpeg,download,FinchGiftShopWhatsapp Media
IMG-20230224-WA0011.jpeg,C:\Users\merch\OneDrive\Pictures\Download Images\FinchGiftShopWhatsapp Media\IMG-20230224-WA0011.jpeg,download,FinchGiftShopWhatsapp Media
IMG-20230224-WA0014.jpeg,C:\Users\merch\OneDrive\Pictures\Download Images\FinchGiftShopWhatsapp Media\IMG-20230224-WA0014.jpeg,download,FinchGiftShopWhatsapp Media
IMG-20230224-WA0015.jpg,C:\Users\merch\OneDrive\Pictures\Download Images\FinchGiftShopWhatsapp Media\IMG-20230224-WA0015.jpg,download,FinchGiftShopWhatsapp Media
IMG-20230224-WA0016.jpeg,C:\Users\merch\OneDrive\Pictures\Download Images\FinchGiftShopWhatsapp Media\IMG-20230224-WA0016.jpeg,download,FinchGiftShopWhatsapp Media
IMG-20230224-WA0017.jpg,C:\Users\merch\OneDrive\Pictures\Download Images\FinchGiftShopWhatsapp Media\IMG-20230224-WA0017.jpg,download,FinchGiftShopWhatsapp Media
IMG-20230224-WA0018.jpg,C:\Users\merch\OneDrive\Pictures\Download Images\FinchGiftShopWhatsapp Media\IMG-20230224-WA0018.jpg,download,FinchGiftShopWhatsapp Media
IMG-20230224-WA0019.jpg,C:\Users\merch\OneDrive\Pictures\Download Images\FinchGiftShopWhatsapp Media\IMG-20230224-WA0019.jpg,download,FinchGiftShopWhatsapp Media
IMG-20230224-WA0020.jpg,C:\Users\merch\OneDrive\Pictures\Download Images\FinchGiftShopWhatsapp Media\IMG-20230224-WA0020.jpg,download,FinchGiftShopWhatsapp Media
IMG-20230224-WA0021.jpg,C:\Users\merch\OneDrive\Pictures\Download Images\FinchGiftShopWhatsapp Media\IMG-20230224-WA0021.jpg,download,FinchGiftShopWhatsapp Media
IMG-20230224-WA0022.jpg,C:\Users\merch\OneDrive\Pictures\Download Images\FinchGiftShopWhatsapp Media\IMG-20230224-WA0022.jpg,download,FinchGiftShopWhatsapp Media
IMG-20230227-WA0005.jpg,C:\Users\merch\OneDrive\Pictures\Download Images\FinchGiftShopWhatsapp Media\IMG-20230227-WA0005.jpg,download,FinchGiftShopWhatsapp Media
IMG-20230227-WA0006.jpg,C:\Users\merch\OneDrive\Pictures\Download Images\FinchGiftShopWhatsapp Media\IMG-20230227-WA0006.jpg,download,FinchGiftShopWhatsapp Media
IMG-20230227-WA0007.jpg,C:\Users\merch\OneDrive\Pictures\Download Images\FinchGiftShopWhatsapp Media\IMG-20230227-WA0007.jpg,download,FinchGiftShopWhatsapp Media
IMG-20230227-WA0008.jpg,C:\Users\merch\OneDrive\Pictures\Download Images\FinchGiftShopWhatsapp Media\IMG-20230227-WA0008.jpg,download,FinchGiftShopWhatsapp Media
IMG-20230227-WA0009.jpeg,C:\Users\merch\OneDrive\Pictures\Download Images\FinchGiftShopWhatsapp Media\IMG-20230227-WA0009.jpeg,download,FinchGiftShopWhatsapp Media
IMG-20230228-WA0001.jpeg,C:\Users\merch\OneDrive\Pictures\Download Images\FinchGiftShopWhatsapp Media\IMG-20230228-WA0001.jpeg,download,FinchGiftShopWhatsapp Media
IMG-20230228-WA0003.jpeg,C:\Users\merch\OneDrive\Pictures\Download Images\FinchGiftShopWhatsapp Media\IMG-20230228-WA0003.jpeg,download,FinchGiftShopWhatsapp Media
IMG-20230228-WA0006.jpeg,C:\Users\merch\OneDrive\Pictures\Download Images\FinchGiftShopWhatsapp Media\IMG-20230228-WA0006.jpeg,download,FinchGiftShopWhatsapp Media
IMG-20230228-WA0008.jpeg,C:\Users\merch\OneDrive\Pictures\Download Images\FinchGiftShopWhatsapp Media\IMG-20230228-WA0008.jpeg,download,FinchGiftShopWhatsapp Media
IMG-20230228-WA0010.jpeg,C:\Users\merch\OneDrive\Pictures\Download Images\FinchGiftShopWhatsapp Media\IMG-20230228-WA0010.jpeg,download,FinchGiftShopWhatsapp Media
IMG-20230303-WA0017.jpg,C:\Users\merch\OneDrive\Pictures\Download Images\FinchGiftShopWhatsapp Media\IMG-20230303-WA0017.jpg,download,FinchGiftShopWhatsapp Media
IMG-20230306-WA0006.jpeg,C:\Users\merch\OneDrive\Pictures\Download Images\FinchGiftShopWhatsapp Media\IMG-20230306-WA0006.jpeg,download,FinchGiftShopWhatsapp Media
IMG-20230307-WA0000.jpeg,C:\Users\merch\OneDrive\Pictures\Download Images\FinchGiftShopWhatsapp Media\IMG-20230307-WA0000.jpeg,download,FinchGiftShopWhatsapp Media
IMG-20230311-WA0008.jpg,C:\Users\merch\OneDrive\Pictures\Download Images\FinchGiftShopWhatsapp Media\IMG-20230311-WA0008.jpg,download,FinchGiftShopWhatsapp Media
IMG-20230311-WA0009.jpg,C:\Users\merch\OneDrive\Pictures\Download Images\FinchGiftShopWhatsapp Media\IMG-20230311-WA0009.jpg,download,FinchGiftShopWhatsapp Media
IMG-20230311-WA0010.jpg,C:\Users\merch\OneDrive\Pictures\Download Images\FinchGiftShopWhatsapp Media\IMG-20230311-WA0010.jpg,download,FinchGiftShopWhatsapp Media
IMG-20230311-WA0011.jpg,C:\Users\merch\OneDrive\Pictures\Download Images\FinchGiftShopWhatsapp Media\IMG-20230311-WA0011.jpg,download,FinchGiftShopWhatsapp Media
IMG-20230311-WA0013.jpg,C:\Users\merch\OneDrive\Pictures\Download Images\FinchGiftShopWhatsapp Media\IMG-20230311-WA0013.jpg,download,FinchGiftShopWhatsapp Media
IMG-20230311-WA0014.jpg,C:\Users\merch\OneDrive\Pictures\Download Images\FinchGiftShopWhatsapp Media\IMG-20230311-WA0014.jpg,download,FinchGiftShopWhatsapp Media
IMG-20230311-WA0015.jpg,C:\Users\merch\OneDrive\Pictures\Download Images\FinchGiftShopWhatsapp Media\IMG-20230311-WA0015.jpg,download,FinchGiftShopWhatsapp Media
IMG-20230311-WA0016.jpg,C:\Users\merch\OneDrive\Pictures\Download Images\FinchGiftShopWhatsapp Media\IMG-20230311-WA0016.jpg,download,FinchGiftShopWhatsapp Media
IMG-20230311-WA0017.jpg,C:\Users\merch\OneDrive\Pictures\Download Images\FinchGiftShopWhatsapp Media\IMG-20230311-WA0017.jpg,download,FinchGiftShopWhatsapp Media
IMG-20230311-WA0020.jpg,C:\Users\merch\OneDrive\Pictures\Download Images\FinchGiftShopWhatsapp Media\IMG-20230311-WA0020.jpg,download,FinchGiftShopWhatsapp Media
IMG-20230312-WA0007.jpeg,C:\Users\merch\OneDrive\Pictures\Download Images\FinchGiftShopWhatsapp Media\IMG-20230312-WA0007.jpeg,download,FinchGiftShopWhatsapp Media
IMG-20230313-WA0009.jpeg,C:\Users\merch\OneDrive\Pictures\Download Images\FinchGiftShopWhatsapp Media\IMG-20230313-WA0009.jpeg,download,FinchGiftShopWhatsapp Media
IMG-20230316-WA0012.jpeg,C:\Users\merch\OneDrive\Pictures\Download Images\FinchGiftShopWhatsapp Media\IMG-20230316-WA0012.jpeg,download,FinchGiftShopWhatsapp Media
IMG-20230316-WA0016.jpeg,C:\Users\merch\OneDrive\Pictures\Download Images\FinchGiftShopWhatsapp Media\IMG-20230316-WA0016.jpeg,download,FinchGiftShopWhatsapp Media
IMG-20230316-WA0022.jpeg,C:\Users\merch\OneDrive\Pictures\Download Images\FinchGiftShopWhatsapp Media\IMG-20230316-WA0022.jpeg,download,FinchGiftShopWhatsapp Media
IMG-20230316-WA0026.jpeg,C:\Users\merch\OneDrive\Pictures\Download Images\FinchGiftShopWhatsapp Media\IMG-20230316-WA0026.jpeg,download,FinchGiftShopWhatsapp Media
IMG-20230320-WA0012.jpg,C:\Users\merch\OneDrive\Pictures\Download Images\FinchGiftShopWhatsapp Media\IMG-20230320-WA0012.jpg,download,FinchGiftShopWhatsapp Media
IMG-20230323-WA0010.jpg,C:\Users\merch\OneDrive\Pictures\Download Images\FinchGiftShopWhatsapp Media\IMG-20230323-WA0010.jpg,download,FinchGiftShopWhatsapp Media
IMG-20230323-WA0011.jpg,C:\Users\merch\OneDrive\Pictures\Download Images\FinchGiftShopWhatsapp Media\IMG-20230323-WA0011.jpg,download,FinchGiftShopWhatsapp Media
IMG-20230326-WA0001.jpeg,C:\Users\merch\OneDrive\Pictures\Download Images\FinchGiftShopWhatsapp Media\IMG-20230326-WA0001.jpeg,download,FinchGiftShopWhatsapp Media
IMG-20230326-WA0003.jpeg,C:\Users\merch\OneDrive\Pictures\Download Images\FinchGiftShopWhatsapp Media\IMG-20230326-WA0003.jpeg,download,FinchGiftShopWhatsapp Media
IMG-20230326-WA0005.jpeg,C:\Users\merch\OneDrive\Pictures\Download Images\FinchGiftShopWhatsapp Media\IMG-20230326-WA0005.jpeg,download,FinchGiftShopWhatsapp Media
IMG-20230331-WA0013.jpeg,C:\Users\merch\OneDrive\Pictures\Download Images\FinchGiftShopWhatsapp Media\IMG-20230331-WA0013.jpeg,download,FinchGiftShopWhatsapp Media
IMG-20230331-WA0015.jpeg,C:\Users\merch\OneDrive\Pictures\Download Images\FinchGiftShopWhatsapp Media\IMG-20230331-WA0015.jpeg,download,FinchGiftShopWhatsapp Media
IMG-20230331-WA0017.jpeg,C:\Users\merch\OneDrive\Pictures\Download Images\FinchGiftShopWhatsapp Media\IMG-20230331-WA0017.jpeg,download,FinchGiftShopWhatsapp Media
IMG-20230331-WA0019.jpeg,C:\Users\merch\OneDrive\Pictures\Download Images\FinchGiftShopWhatsapp Media\IMG-20230331-WA0019.jpeg,download,FinchGiftShopWhatsapp Media
IMG-20230331-WA0021.jpeg,C:\Users\merch\OneDrive\Pictures\Download Images\FinchGiftShopWhatsapp Media\IMG-20230331-WA0021.jpeg,download,FinchGiftShopWhatsapp Media
IMG-20230331-WA0025.jpeg,C:\Users\merch\OneDrive\Pictures\Download Images\FinchGiftShopWhatsapp Media\IMG-20230331-WA0025.jpeg,download,FinchGiftShopWhatsapp Media
IMG-20230331-WA0027.jpeg,C:\Users\merch\OneDrive\Pictures\Download Images\FinchGiftShopWhatsapp Media\IMG-20230331-WA0027.jpeg,download,FinchGiftShopWhatsapp Media
IMG-20230331-WA0029.jpeg,C:\Users\merch\OneDrive\Pictures\Download Images\FinchGiftShopWhatsapp Media\IMG-20230331-WA0029.jpeg,download,FinchGiftShopWhatsapp Media
IMG-20230331-WA0031.jpeg,C:\Users\merch\OneDrive\Pictures\Download Images\FinchGiftShopWhatsapp Media\IMG-20230331-WA0031.jpeg,download,FinchGiftShopWhatsapp Media
IMG-20230331-WA0033.jpeg,C:\Users\merch\OneDrive\Pictures\Download Images\FinchGiftShopWhatsapp Media\IMG-20230331-WA0033.jpeg,download,FinchGiftShopWhatsapp Media
IMG-20230331-WA0035.jpeg,C:\Users\merch\OneDrive\Pictures\Download Images\FinchGiftShopWhatsapp Media\IMG-20230331-WA0035.jpeg,download,FinchGiftShopWhatsapp Media
IMG-20230331-WA0037.jpeg,C:\Users\merch\OneDrive\Pictures\Download Images\FinchGiftShopWhatsapp Media\IMG-20230331-WA0037.jpeg,download,FinchGiftShopWhatsapp Media
IMG-20230331-WA0039.jpeg,C:\Users\merch\OneDrive\Pictures\Download Images\FinchGiftShopWhatsapp Media\IMG-20230331-WA0039.jpeg,download,FinchGiftShopWhatsapp Media
IMG-20230402-WA0000.jpeg,C:\Users\merch\OneDrive\Pictures\Download Images\FinchGiftShopWhatsapp Media\IMG-20230402-WA0000.jpeg,download,FinchGiftShopWhatsapp Media
IMG-20230404-WA0002.jpeg,C:\Users\merch\OneDrive\Pictures\Download Images\FinchGiftShopWhatsapp Media\IMG-20230404-WA0002.jpeg,download,FinchGiftShopWhatsapp Media
IMG-20230406-WA0011.jpeg,C:\Users\merch\OneDrive\Pictures\Download Images\FinchGiftShopWhatsapp Media\IMG-20230406-WA0011.jpeg,download,FinchGiftShopWhatsapp Media
IMG-20230412-WA0002.jpeg,C:\Users\merch\OneDrive\Pictures\Download Images\FinchGiftShopWhatsapp Media\IMG-20230412-WA0002.jpeg,download,FinchGiftShopWhatsapp Media
IMG-20230417-WA0010.jpeg,C:\Users\merch\OneDrive\Pictures\Download Images\FinchGiftShopWhatsapp Media\IMG-20230417-WA0010.jpeg,download,FinchGiftShopWhatsapp Media
IMG-20230417-WA0016.jpeg,C:\Users\merch\OneDrive\Pictures\Download Images\FinchGiftShopWhatsapp Media\IMG-20230417-WA0016.jpeg,download,FinchGiftShopWhatsapp Media
IMG-20230419-WA0011.jpg,C:\Users\merch\OneDrive\Pictures\Download Images\FinchGiftShopWhatsapp Media\IMG-20230419-WA0011.jpg,download,FinchGiftShopWhatsapp Media
IMG-20230420-WA0020.jpeg,C:\Users\merch\OneDrive\Pictures\Download Images\FinchGiftShopWhatsapp Media\IMG-20230420-WA0020.jpeg,download,FinchGiftShopWhatsapp Media
IMG-20230422-WA0008.jpeg,C:\Users\merch\OneDrive\Pictures\Download Images\FinchGiftShopWhatsapp Media\IMG-20230422-WA0008.jpeg,download,FinchGiftShopWhatsapp Media
IMG-20230425-WA0007.jpg,C:\Users\merch\OneDrive\Pictures\Download Images\FinchGiftShopWhatsapp Media\IMG-20230425-WA0007.jpg,download,FinchGiftShopWhatsapp Media
IMG-20230426-WA0004.jpg,C:\Users\merch\OneDrive\Pictures\Download Images\FinchGiftShopWhatsapp Media\IMG-20230426-WA0004.jpg,download,FinchGiftShopWhatsapp Media
IMG-20230426-WA0017.jpg,C:\Users\merch\OneDrive\Pictures\Download Images\FinchGiftShopWhatsapp Media\IMG-20230426-WA0017.jpg,download,FinchGiftShopWhatsapp Media
IMG-20230426-WA0018.jpg,C:\Users\merch\OneDrive\Pictures\Download Images\FinchGiftShopWhatsapp Media\IMG-20230426-WA0018.jpg,download,FinchGiftShopWhatsapp Media
IMG-20230503-WA0016.jpg,C:\Users\merch\OneDrive\Pictures\Download Images\FinchGiftShopWhatsapp Media\IMG-20230503-WA0016.jpg,download,FinchGiftShopWhatsapp Media
IMG-20230504-WA0001.jpeg,C:\Users\merch\OneDrive\Pictures\Download Images\FinchGiftShopWhatsapp Media\IMG-20230504-WA0001.jpeg,download,FinchGiftShopWhatsapp Media
IMG-20230504-WA0002.jpg,C:\Users\merch\OneDrive\Pictures\Download Images\FinchGiftShopWhatsapp Media\IMG-20230504-WA0002.jpg,download,FinchGiftShopWhatsapp Media
IMG-20230504-WA0003.jpeg,C:\Users\merch\OneDrive\Pictures\Download Images\FinchGiftShopWhatsapp Media\IMG-20230504-WA0003.jpeg,download,FinchGiftShopWhatsapp Media
IMG-20230504-WA0006.jpeg,C:\Users\merch\OneDrive\Pictures\Download Images\FinchGiftShopWhatsapp Media\IMG-20230504-WA0006.jpeg,download,FinchGiftShopWhatsapp Media
IMG-20230504-WA0008.jpeg,C:\Users\merch\OneDrive\Pictures\Download Images\FinchGiftShopWhatsapp Media\IMG-20230504-WA0008.jpeg,download,FinchGiftShopWhatsapp Media
IMG-20230504-WA0010.jpeg,C:\Users\merch\OneDrive\Pictures\Download Images\FinchGiftShopWhatsapp Media\IMG-20230504-WA0010.jpeg,download,FinchGiftShopWhatsapp Media
IMG-20230505-WA0002.jpg,C:\Users\merch\OneDrive\Pictures\Download Images\FinchGiftShopWhatsapp Media\IMG-20230505-WA0002.jpg,download,FinchGiftShopWhatsapp Media
IMG-20230511-WA0006.jpeg,C:\Users\merch\OneDrive\Pictures\Download Images\FinchGiftShopWhatsapp Media\IMG-20230511-WA0006.jpeg,download,FinchGiftShopWhatsapp Media
IMG-20230511-WA0008.jpeg,C:\Users\merch\OneDrive\Pictures\Download Images\FinchGiftShopWhatsapp Media\IMG-20230511-WA0008.jpeg,download,FinchGiftShopWhatsapp Media
IMG-20230511-WA0012.jpeg,C:\Users\merch\OneDrive\Pictures\Download Images\FinchGiftShopWhatsapp Media\IMG-20230511-WA0012.jpeg,download,FinchGiftShopWhatsapp Media
IMG-20230514-WA0000.jpg,C:\Users\merch\OneDrive\Pictures\Download Images\FinchGiftShopWhatsapp Media\IMG-20230514-WA0000.jpg,download,FinchGiftShopWhatsapp Media
IMG-20230514-WA0002.jpeg,C:\Users\merch\OneDrive\Pictures\Download Images\FinchGiftShopWhatsapp Media\IMG-20230514-WA0002.jpeg,download,FinchGiftShopWhatsapp Media
IMG-20230514-WA0003.jpg,C:\Users\merch\OneDrive\Pictures\Download Images\FinchGiftShopWhatsapp Media\IMG-20230514-WA0003.jpg,download,FinchGiftShopWhatsapp Media
IMG-20230514-WA0004.jpg,C:\Users\merch\OneDrive\Pictures\Download Images\FinchGiftShopWhatsapp Media\IMG-20230514-WA0004.jpg,download,FinchGiftShopWhatsapp Media
IMG-20230514-WA0005.jpg,C:\Users\merch\OneDrive\Pictures\Download Images\FinchGiftShopWhatsapp Media\IMG-20230514-WA0005.jpg,download,FinchGiftShopWhatsapp Media
IMG-20230516-WA0003.jpg,C:\Users\merch\OneDrive\Pictures\Download Images\FinchGiftShopWhatsapp Media\IMG-20230516-WA0003.jpg,download,FinchGiftShopWhatsapp Media
IMG-20230516-WA0004.jpg,C:\Users\merch\OneDrive\Pictures\Download Images\FinchGiftShopWhatsapp Media\IMG-20230516-WA0004.jpg,download,FinchGiftShopWhatsapp Media
IMG-20230516-WA0007.jpg,C:\Users\merch\OneDrive\Pictures\Download Images\FinchGiftShopWhatsapp Media\IMG-20230516-WA0007.jpg,download,FinchGiftShopWhatsapp Media
IMG-20230518-WA0015.jpeg,C:\Users\merch\OneDrive\Pictures\Download Images\FinchGiftShopWhatsapp Media\IMG-20230518-WA0015.jpeg,download,FinchGiftShopWhatsapp Media
IMG-20230521-WA0002.jpeg,C:\Users\merch\OneDrive\Pictures\Download Images\FinchGiftShopWhatsapp Media\IMG-20230521-WA0002.jpeg,download,FinchGiftShopWhatsapp Media
IMG-20230523-WA0005.jpeg,C:\Users\merch\OneDrive\Pictures\Download Images\FinchGiftShopWhatsapp Media\IMG-20230523-WA0005.jpeg,download,FinchGiftShopWhatsapp Media
IMG-20230523-WA0007.jpeg,C:\Users\merch\OneDrive\Pictures\Download Images\FinchGiftShopWhatsapp Media\IMG-20230523-WA0007.jpeg,download,FinchGiftShopWhatsapp Media
IMG-20230523-WA0009.jpeg,C:\Users\merch\OneDrive\Pictures\Download Images\FinchGiftShopWhatsapp Media\IMG-20230523-WA0009.jpeg,download,FinchGiftShopWhatsapp Media
IMG-20230523-WA0011.jpeg,C:\Users\merch\OneDrive\Pictures\Download Images\FinchGiftShopWhatsapp Media\IMG-20230523-WA0011.jpeg,download,FinchGiftShopWhatsapp Media
IMG-20230523-WA0013.jpeg,C:\Users\merch\OneDrive\Pictures\Download Images\FinchGiftShopWhatsapp Media\IMG-20230523-WA0013.jpeg,download,FinchGiftShopWhatsapp Media
IMG-20230523-WA0015.jpeg,C:\Users\merch\OneDrive\Pictures\Download Images\FinchGiftShopWhatsapp Media\IMG-20230523-WA0015.jpeg,download,FinchGiftShopWhatsapp Media
IMG-20230523-WA0017.jpeg,C:\Users\merch\OneDrive\Pictures\Download Images\FinchGiftShopWhatsapp Media\IMG-20230523-WA0017.jpeg,download,FinchGiftShopWhatsapp Media
IMG-20230523-WA0019.jpeg,C:\Users\merch\OneDrive\Pictures\Download Images\FinchGiftShopWhatsapp Media\IMG-20230523-WA0019.jpeg,download,FinchGiftShopWhatsapp Media
IMG-20230523-WA0021.jpeg,C:\Users\merch\OneDrive\Pictures\Download Images\FinchGiftShopWhatsapp Media\IMG-20230523-WA0021.jpeg,download,FinchGiftShopWhatsapp Media
IMG-20230523-WA0023.jpeg,C:\Users\merch\OneDrive\Pictures\Download Images\FinchGiftShopWhatsapp Media\IMG-20230523-WA0023.jpeg,download,FinchGiftShopWhatsapp Media
IMG-20230523-WA0025.jpeg,C:\Users\merch\OneDrive\Pictures\Download Images\FinchGiftShopWhatsapp Media\IMG-20230523-WA0025.jpeg,download,FinchGiftShopWhatsapp Media
IMG-20230523-WA0027.jpeg,C:\Users\merch\OneDrive\Pictures\Download Images\FinchGiftShopWhatsapp Media\IMG-20230523-WA0027.jpeg,download,FinchGiftShopWhatsapp Media
IMG-20230523-WA0029.jpeg,C:\Users\merch\OneDrive\Pictures\Download Images\FinchGiftShopWhatsapp Media\IMG-20230523-WA0029.jpeg,download,FinchGiftShopWhatsapp Media
IMG-20230523-WA0031.jpeg,C:\Users\merch\OneDrive\Pictures\Download Images\FinchGiftShopWhatsapp Media\IMG-20230523-WA0031.jpeg,download,FinchGiftShopWhatsapp Media
IMG-20230523-WA0033.jpeg,C:\Users\merch\OneDrive\Pictures\Download Images\FinchGiftShopWhatsapp Media\IMG-20230523-WA0033.jpeg,download,FinchGiftShopWhatsapp Media
IMG-20230523-WA0035.jpeg,C:\Users\merch\OneDrive\Pictures\Download Images\FinchGiftShopWhatsapp Media\IMG-20230523-WA0035.jpeg,download,FinchGiftShopWhatsapp Media
IMG-20230523-WA0037.jpeg,C:\Users\merch\OneDrive\Pictures\Download Images\FinchGiftShopWhatsapp Media\IMG-20230523-WA0037.jpeg,download,FinchGiftShopWhatsapp Media
IMG-20230523-WA0039.jpeg,C:\Users\merch\OneDrive\Pictures\Download Images\FinchGiftShopWhatsapp Media\IMG-20230523-WA0039.jpeg,download,FinchGiftShopWhatsapp Media
IMG-20230523-WA0041.jpeg,C:\Users\merch\OneDrive\Pictures\Download Images\FinchGiftShopWhatsapp Media\IMG-20230523-WA0041.jpeg,download,FinchGiftShopWhatsapp Media
IMG-20230523-WA0043.jpeg,C:\Users\merch\OneDrive\Pictures\Download Images\FinchGiftShopWhatsapp Media\IMG-20230523-WA0043.jpeg,download,FinchGiftShopWhatsapp Media
IMG-20230523-WA0045.jpeg,C:\Users\merch\OneDrive\Pictures\Download Images\FinchGiftShopWhatsapp Media\IMG-20230523-WA0045.jpeg,download,FinchGiftShopWhatsapp Media
IMG-20230523-WA0047.jpeg,C:\Users\merch\OneDrive\Pictures\Download Images\FinchGiftShopWhatsapp Media\IMG-20230523-WA0047.jpeg,download,FinchGiftShopWhatsapp Media
IMG-20230523-WA0049.jpeg,C:\Users\merch\OneDrive\Pictures\Download Images\FinchGiftShopWhatsapp Media\IMG-20230523-WA0049.jpeg,download,FinchGiftShopWhatsapp Media
IMG-20230523-WA0051.jpeg,C:\Users\merch\OneDrive\Pictures\Download Images\FinchGiftShopWhatsapp Media\IMG-20230523-WA0051.jpeg,download,FinchGiftShopWhatsapp Media
IMG-20230523-WA0053.jpeg,C:\Users\merch\OneDrive\Pictures\Download Images\FinchGiftShopWhatsapp Media\IMG-20230523-WA0053.jpeg,download,FinchGiftShopWhatsapp Media
IMG-20230523-WA0055.jpeg,C:\Users\merch\OneDrive\Pictures\Download Images\FinchGiftShopWhatsapp Media\IMG-20230523-WA0055.jpeg,download,FinchGiftShopWhatsapp Media
IMG-20230523-WA0057.jpeg,C:\Users\merch\OneDrive\Pictures\Download Images\FinchGiftShopWhatsapp Media\IMG-20230523-WA0057.jpeg,download,FinchGiftShopWhatsapp Media
IMG-20230523-WA0059.jpeg,C:\Users\merch\OneDrive\Pictures\Download Images\FinchGiftShopWhatsapp Media\IMG-20230523-WA0059.jpeg,download,FinchGiftShopWhatsapp Media
IMG-20230523-WA0061.jpeg,C:\Users\merch\OneDrive\Pictures\Download Images\FinchGiftShopWhatsapp Media\IMG-20230523-WA0061.jpeg,download,FinchGiftShopWhatsapp Media
IMG-20230523-WA0063.jpeg,C:\Users\merch\OneDrive\Pictures\Download Images\FinchGiftShopWhatsapp Media\IMG-20230523-WA0063.jpeg,download,FinchGiftShopWhatsapp Media
IMG-20230523-WA0065.jpeg,C:\Users\merch\OneDrive\Pictures\Download Images\FinchGiftShopWhatsapp Media\IMG-20230523-WA0065.jpeg,download,FinchGiftShopWhatsapp Media
IMG-20230523-WA0067.jpeg,C:\Users\merch\OneDrive\Pictures\Download Images\FinchGiftShopWhatsapp Media\IMG-20230523-WA0067.jpeg,download,FinchGiftShopWhatsapp Media
IMG-20230524-WA0007.jpeg,C:\Users\merch\OneDrive\Pictures\Download Images\FinchGiftShopWhatsapp Media\IMG-20230524-WA0007.jpeg,download,FinchGiftShopWhatsapp Media
IMG-20230524-WA0009.jpeg,C:\Users\merch\OneDrive\Pictures\Download Images\FinchGiftShopWhatsapp Media\IMG-20230524-WA0009.jpeg,download,FinchGiftShopWhatsapp Media
IMG-20230524-WA0012.jpeg,C:\Users\merch\OneDrive\Pictures\Download Images\FinchGiftShopWhatsapp Media\IMG-20230524-WA0012.jpeg,download,FinchGiftShopWhatsapp Media
IMG-20230524-WA0013.jpg,C:\Users\merch\OneDrive\Pictures\Download Images\FinchGiftShopWhatsapp Media\IMG-20230524-WA0013.jpg,download,FinchGiftShopWhatsapp Media
IMG-20230524-WA0014.jpeg,C:\Users\merch\OneDrive\Pictures\Download Images\FinchGiftShopWhatsapp Media\IMG-20230524-WA0014.jpeg,download,FinchGiftShopWhatsapp Media
IMG-20230524-WA0015.jpg,C:\Users\merch\OneDrive\Pictures\Download Images\FinchGiftShopWhatsapp Media\IMG-20230524-WA0015.jpg,download,FinchGiftShopWhatsapp Media
IMG-20230524-WA0016.jpeg,C:\Users\merch\OneDrive\Pictures\Download Images\FinchGiftShopWhatsapp Media\IMG-20230524-WA0016.jpeg,download,FinchGiftShopWhatsapp Media
IMG-20230524-WA0017.jpeg,C:\Users\merch\OneDrive\Pictures\Download Images\FinchGiftShopWhatsapp Media\IMG-20230524-WA0017.jpeg,download,FinchGiftShopWhatsapp Media
IMG-20230526-WA0003.jpeg,C:\Users\merch\OneDrive\Pictures\Download Images\FinchGiftShopWhatsapp Media\IMG-20230526-WA0003.jpeg,download,FinchGiftShopWhatsapp Media
IMG-20230526-WA0005.jpeg,C:\Users\merch\OneDrive\Pictures\Download Images\FinchGiftShopWhatsapp Media\IMG-20230526-WA0005.jpeg,download,FinchGiftShopWhatsapp Media
IMG-20230526-WA0008.jpg,C:\Users\merch\OneDrive\Pictures\Download Images\FinchGiftShopWhatsapp Media\IMG-20230526-WA0008.jpg,download,FinchGiftShopWhatsapp Media
IMG-20230526-WA0009.jpg,C:\Users\merch\OneDrive\Pictures\Download Images\FinchGiftShopWhatsapp Media\IMG-20230526-WA0009.jpg,download,FinchGiftShopWhatsapp Media
IMG-20230526-WA0010.jpg,C:\Users\merch\OneDrive\Pictures\Download Images\FinchGiftShopWhatsapp Media\IMG-20230526-WA0010.jpg,download,FinchGiftShopWhatsapp Media
IMG-20230528-WA0003.jpeg,C:\Users\merch\OneDrive\Pictures\Download Images\FinchGiftShopWhatsapp Media\IMG-20230528-WA0003.jpeg,download,FinchGiftShopWhatsapp Media
IMG-20230528-WA0004.jpeg,C:\Users\merch\OneDrive\Pictures\Download Images\FinchGiftShopWhatsapp Media\IMG-20230528-WA0004.jpeg,download,FinchGiftShopWhatsapp Media
IMG-20230528-WA0007.jpeg,C:\Users\merch\OneDrive\Pictures\Download Images\FinchGiftShopWhatsapp Media\IMG-20230528-WA0007.jpeg,download,FinchGiftShopWhatsapp Media
IMG-20230528-WA0009.jpeg,C:\Users\merch\OneDrive\Pictures\Download Images\FinchGiftShopWhatsapp Media\IMG-20230528-WA0009.jpeg,download,FinchGiftShopWhatsapp Media
IMG-20230610-WA0005.jpg,C:\Users\merch\OneDrive\Pictures\Download Images\FinchGiftShopWhatsapp Media\IMG-20230610-WA0005.jpg,download,FinchGiftShopWhatsapp Media
IMG-20230618-WA0009.jpg,C:\Users\merch\OneDrive\Pictures\Download Images\FinchGiftShopWhatsapp Media\IMG-20230618-WA0009.jpg,download,FinchGiftShopWhatsapp Media
IMG-20230621-WA0005.jpg,C:\Users\merch\OneDrive\Pictures\Download Images\FinchGiftShopWhatsapp Media\IMG-20230621-WA0005.jpg,download,FinchGiftShopWhatsapp Media
IMG-20230621-WA0006.jpg,C:\Users\merch\OneDrive\Pictures\Download Images\FinchGiftShopWhatsapp Media\IMG-20230621-WA0006.jpg,download,FinchGiftShopWhatsapp Media
IMG-20230622-WA0007.jpg,C:\Users\merch\OneDrive\Pictures\Download Images\FinchGiftShopWhatsapp Media\IMG-20230622-WA0007.jpg,download,FinchGiftShopWhatsapp Media
IMG-20230623-WA0048.jpeg,C:\Users\merch\OneDrive\Pictures\Download Images\FinchGiftShopWhatsapp Media\IMG-20230623-WA0048.jpeg,download,FinchGiftShopWhatsapp Media
IMG-20230623-WA0050.jpeg,C:\Users\merch\OneDrive\Pictures\Download Images\FinchGiftShopWhatsapp Media\IMG-20230623-WA0050.jpeg,download,FinchGiftShopWhatsapp Media
IMG-20230626-WA0010.jpg,C:\Users\merch\OneDrive\Pictures\Download Images\FinchGiftShopWhatsapp Media\IMG-20230626-WA0010.jpg,download,FinchGiftShopWhatsapp Media
IMG-20230701-WA0000.jpeg,C:\Users\merch\OneDrive\Pictures\Download Images\FinchGiftShopWhatsapp Media\IMG-20230701-WA0000.jpeg,download,FinchGiftShopWhatsapp Media
IMG-20230702-WA0009.jpeg,C:\Users\merch\OneDrive\Pictures\Download Images\FinchGiftShopWhatsapp Media\IMG-20230702-WA0009.jpeg,download,FinchGiftShopWhatsapp Media
IMG-20230702-WA0011.jpeg,C:\Users\merch\OneDrive\Pictures\Download Images\FinchGiftShopWhatsapp Media\IMG-20230702-WA0011.jpeg,download,FinchGiftShopWhatsapp Media
IMG-20230705-WA0022.jpg,C:\Users\merch\OneDrive\Pictures\Download Images\FinchGiftShopWhatsapp Media\IMG-20230705-WA0022.jpg,download,FinchGiftShopWhatsapp Media
IMG-20230705-WA0023.jpg,C:\Users\merch\OneDrive\Pictures\Download Images\FinchGiftShopWhatsapp Media\IMG-20230705-WA0023.jpg,download,FinchGiftShopWhatsapp Media
IMG-20230705-WA0025.jpg,C:\Users\merch\OneDrive\Pictures\Download Images\FinchGiftShopWhatsapp Media\IMG-20230705-WA0025.jpg,download,FinchGiftShopWhatsapp Media
IMG-20230705-WA0026.jpg,C:\Users\merch\OneDrive\Pictures\Download Images\FinchGiftShopWhatsapp Media\IMG-20230705-WA0026.jpg,download,FinchGiftShopWhatsapp Media
IMG-20230705-WA0027.jpg,C:\Users\merch\OneDrive\Pictures\Download Images\FinchGiftShopWhatsapp Media\IMG-20230705-WA0027.jpg,download,FinchGiftShopWhatsapp Media
IMG-20230713-WA0002.jpg,C:\Users\merch\OneDrive\Pictures\Download Images\FinchGiftShopWhatsapp Media\IMG-20230713-WA0002.jpg,download,FinchGiftShopWhatsapp Media
IMG-20230713-WA0003.jpg,C:\Users\merch\OneDrive\Pictures\Download Images\FinchGiftShopWhatsapp Media\IMG-20230713-WA0003.jpg,download,FinchGiftShopWhatsapp Media
IMG-20230713-WA0004.jpg,C:\Users\merch\OneDrive\Pictures\Download Images\FinchGiftShopWhatsapp Media\IMG-20230713-WA0004.jpg,download,FinchGiftShopWhatsapp Media
IMG-20230713-WA0005.jpg,C:\Users\merch\OneDrive\Pictures\Download Images\FinchGiftShopWhatsapp Media\IMG-20230713-WA0005.jpg,download,FinchGiftShopWhatsapp Media
IMG-20230713-WA0006.jpg,C:\Users\merch\OneDrive\Pictures\Download Images\FinchGiftShopWhatsapp Media\IMG-20230713-WA0006.jpg,download,FinchGiftShopWhatsapp Media
IMG-20230713-WA0007.jpg,C:\Users\merch\OneDrive\Pictures\Download Images\FinchGiftShopWhatsapp Media\IMG-20230713-WA0007.jpg,download,FinchGiftShopWhatsapp Media
IMG-20230715-WA0005.jpeg,C:\Users\merch\OneDrive\Pictures\Download Images\FinchGiftShopWhatsapp Media\IMG-20230715-WA0005.jpeg,download,FinchGiftShopWhatsapp Media
IMG-20230715-WA0008.jpg,C:\Users\merch\OneDrive\Pictures\Download Images\FinchGiftShopWhatsapp Media\IMG-20230715-WA0008.jpg,download,FinchGiftShopWhatsapp Media
IMG-20230717-WA0003.jpg,C:\Users\merch\OneDrive\Pictures\Download Images\FinchGiftShopWhatsapp Media\IMG-20230717-WA0003.jpg,download,FinchGiftShopWhatsapp Media
IMG-20230717-WA0004.jpg,C:\Users\merch\OneDrive\Pictures\Download Images\FinchGiftShopWhatsapp Media\IMG-20230717-WA0004.jpg,download,FinchGiftShopWhatsapp Media
IMG-20230718-WA0004.jpg,C:\Users\merch\OneDrive\Pictures\Download Images\FinchGiftShopWhatsapp Media\IMG-20230718-WA0004.jpg,download,FinchGiftShopWhatsapp Media
IMG-20230719-WA0005.jpg,C:\Users\merch\OneDrive\Pictures\Download Images\FinchGiftShopWhatsapp Media\IMG-20230719-WA0005.jpg,download,FinchGiftShopWhatsapp Media
IMG-20230719-WA0006.jpeg,C:\Users\merch\OneDrive\Pictures\Download Images\FinchGiftShopWhatsapp Media\IMG-20230719-WA0006.jpeg,download,FinchGiftShopWhatsapp Media
IMG-20230719-WA0008.jpeg,C:\Users\merch\OneDrive\Pictures\Download Images\FinchGiftShopWhatsapp Media\IMG-20230719-WA0008.jpeg,download,FinchGiftShopWhatsapp Media
IMG-20230723-WA0000.jpeg,C:\Users\merch\OneDrive\Pictures\Download Images\FinchGiftShopWhatsapp Media\IMG-20230723-WA0000.jpeg,download,FinchGiftShopWhatsapp Media
IMG-20230723-WA0002.jpeg,C:\Users\merch\OneDrive\Pictures\Download Images\FinchGiftShopWhatsapp Media\IMG-20230723-WA0002.jpeg,download,FinchGiftShopWhatsapp Media
IMG-20230723-WA0012.jpeg,C:\Users\merch\OneDrive\Pictures\Download Images\FinchGiftShopWhatsapp Media\IMG-20230723-WA0012.jpeg,download,FinchGiftShopWhatsapp Media
IMG-20230724-WA0002.jpeg,C:\Users\merch\OneDrive\Pictures\Download Images\FinchGiftShopWhatsapp Media\IMG-20230724-WA0002.jpeg,download,FinchGiftShopWhatsapp Media
IMG-20230724-WA0015.jpeg,C:\Users\merch\OneDrive\Pictures\Download Images\FinchGiftShopWhatsapp Media\IMG-20230724-WA0015.jpeg,download,FinchGiftShopWhatsapp Media
IMG-20230726-WA0002.jpeg,C:\Users\merch\OneDrive\Pictures\Download Images\FinchGiftShopWhatsapp Media\IMG-20230726-WA0002.jpeg,download,FinchGiftShopWhatsapp Media
IMG-20230729-WA0002.jpg,C:\Users\merch\OneDrive\Pictures\Download Images\FinchGiftShopWhatsapp Media\IMG-20230729-WA0002.jpg,download,FinchGiftShopWhatsapp Media
IMG-20230731-WA0006.jpg,C:\Users\merch\OneDrive\Pictures\Download Images\FinchGiftShopWhatsapp Media\IMG-20230731-WA0006.jpg,download,FinchGiftShopWhatsapp Media
IMG-20230731-WA0007.jpg,C:\Users\merch\OneDrive\Pictures\Download Images\FinchGiftShopWhatsapp Media\IMG-20230731-WA0007.jpg,download,FinchGiftShopWhatsapp Media
IMG-20230731-WA0023.jpeg,C:\Users\merch\OneDrive\Pictures\Download Images\FinchGiftShopWhatsapp Media\IMG-20230731-WA0023.jpeg,download,FinchGiftShopWhatsapp Media
IMG-20230801-WA0005.jpg,C:\Users\merch\OneDrive\Pictures\Download Images\FinchGiftShopWhatsapp Media\IMG-20230801-WA0005.jpg,download,FinchGiftShopWhatsapp Media
IMG-20230801-WA0006.jpg,C:\Users\merch\OneDrive\Pictures\Download Images\FinchGiftShopWhatsapp Media\IMG-20230801-WA0006.jpg,download,FinchGiftShopWhatsapp Media
IMG-20230801-WA0007.jpg,C:\Users\merch\OneDrive\Pictures\Download Images\FinchGiftShopWhatsapp Media\IMG-20230801-WA0007.jpg,download,FinchGiftShopWhatsapp Media
IMG-20230801-WA0008.jpg,C:\Users\merch\OneDrive\Pictures\Download Images\FinchGiftShopWhatsapp Media\IMG-20230801-WA0008.jpg,download,FinchGiftShopWhatsapp Media
IMG-20230801-WA0009.jpg,C:\Users\merch\OneDrive\Pictures\Download Images\FinchGiftShopWhatsapp Media\IMG-20230801-WA0009.jpg,download,FinchGiftShopWhatsapp Media
IMG-20230802-WA0004.jpeg,C:\Users\merch\OneDrive\Pictures\Download Images\FinchGiftShopWhatsapp Media\IMG-20230802-WA0004.jpeg,download,FinchGiftShopWhatsapp Media
IMG-20230806-WA0002.jpg,C:\Users\merch\OneDrive\Pictures\Download Images\FinchGiftShopWhatsapp Media\IMG-20230806-WA0002.jpg,download,FinchGiftShopWhatsapp Media
IMG-20230806-WA0005.jpg,C:\Users\merch\OneDrive\Pictures\Download Images\FinchGiftShopWhatsapp Media\IMG-20230806-WA0005.jpg,download,FinchGiftShopWhatsapp Media
IMG-20230807-WA0027.jpg,C:\Users\merch\OneDrive\Pictures\Download Images\FinchGiftShopWhatsapp Media\IMG-20230807-WA0027.jpg,download,FinchGiftShopWhatsapp Media
IMG-20230807-WA0028.jpg,C:\Users\merch\OneDrive\Pictures\Download Images\FinchGiftShopWhatsapp Media\IMG-20230807-WA0028.jpg,download,FinchGiftShopWhatsapp Media
IMG-20230807-WA0029.jpg,C:\Users\merch\OneDrive\Pictures\Download Images\FinchGiftShopWhatsapp Media\IMG-20230807-WA0029.jpg,download,FinchGiftShopWhatsapp Media
IMG-20230809-WA0017.jpg,C:\Users\merch\OneDrive\Pictures\Download Images\FinchGiftShopWhatsapp Media\IMG-20230809-WA0017.jpg,download,FinchGiftShopWhatsapp Media
IMG-20230811-WA0002.jpeg,C:\Users\merch\OneDrive\Pictures\Download Images\FinchGiftShopWhatsapp Media\IMG-20230811-WA0002.jpeg,download,FinchGiftShopWhatsapp Media
IMG-20230812-WA0014.jpg,C:\Users\merch\OneDrive\Pictures\Download Images\FinchGiftShopWhatsapp Media\IMG-20230812-WA0014.jpg,download,FinchGiftShopWhatsapp Media
IMG-20230813-WA0118.jpeg,C:\Users\merch\OneDrive\Pictures\Download Images\FinchGiftShopWhatsapp Media\IMG-20230813-WA0118.jpeg,download,FinchGiftShopWhatsapp Media
IMG-20230814-WA0021.jpeg,C:\Users\merch\OneDrive\Pictures\Download Images\FinchGiftShopWhatsapp Media\IMG-20230814-WA0021.jpeg,download,FinchGiftShopWhatsapp Media
IMG-20230815-WA0012.jpeg,C:\Users\merch\OneDrive\Pictures\Download Images\FinchGiftShopWhatsapp Media\IMG-20230815-WA0012.jpeg,download,FinchGiftShopWhatsapp Media
163bdc9b0f1e7c9e.png,C:\Users\merch\OneDrive\Pictures\Download Images\FinchGiftShopWhatsapp Media\Uber Images\Order Finch Gift Shop Menu Delivery【Menu & Prices】_ Toronto _ Uber Eats_files\163bdc9b0f1e7c9e.png,download,Order Finch Gift Shop Menu Delivery【Menu & Prices】_ Toronto _ Uber Eats_files
4218ca1d09174218364162cd0b1a8cc1(1).jpeg,C:\Users\merch\OneDrive\Pictures\Download Images\FinchGiftShopWhatsapp Media\Uber Images\Order Finch Gift Shop Menu Delivery【Menu & Prices】_ Toronto _ Uber Eats_files\4218ca1d09174218364162cd0b1a8cc1(1).jpeg,download,Order Finch Gift Shop Menu Delivery【Menu & Prices】_ Toronto _ Uber Eats_files
4218ca1d09174218364162cd0b1a8cc1(2).jpeg,C:\Users\merch\OneDrive\Pictures\Download Images\FinchGiftShopWhatsapp Media\Uber Images\Order Finch Gift Shop Menu Delivery【Menu & Prices】_ Toronto _ Uber Eats_files\4218ca1d09174218364162cd0b1a8cc1(2).jpeg,download,Order Finch Gift Shop Menu Delivery【Menu & Prices】_ Toronto _ Uber Eats_files
4218ca1d09174218364162cd0b1a8cc1(3).jpeg,C:\Users\merch\OneDrive\Pictures\Download Images\FinchGiftShopWhatsapp Media\Uber Images\Order Finch Gift Shop Menu Delivery【Menu & Prices】_ Toronto _ Uber Eats_files\4218ca1d09174218364162cd0b1a8cc1(3).jpeg,download,Order Finch Gift Shop Menu Delivery【Menu & Prices】_ Toronto _ Uber Eats_files
4218ca1d09174218364162cd0b1a8cc1.jpeg,C:\Users\merch\OneDrive\Pictures\Download Images\FinchGiftShopWhatsapp Media\Uber Images\Order Finch Gift Shop Menu Delivery【Menu & Prices】_ Toronto _ Uber Eats_files\4218ca1d09174218364162cd0b1a8cc1.jpeg,download,Order Finch Gift Shop Menu Delivery【Menu & Prices】_ Toronto _ Uber Eats_files
5954bcb006b10dbfd0bc160f6370faf3(1).jpeg,C:\Users\merch\OneDrive\Pictures\Download Images\FinchGiftShopWhatsapp Media\Uber Images\Order Finch Gift Shop Menu Delivery【Menu & Prices】_ Toronto _ Uber Eats_files\5954bcb006b10dbfd0bc160f6370faf3(1).jpeg,download,Order Finch Gift Shop Menu Delivery【Menu & Prices】_ Toronto _ Uber Eats_files
5954bcb006b10dbfd0bc160f6370faf3(10).jpeg,C:\Users\merch\OneDrive\Pictures\Download Images\FinchGiftShopWhatsapp Media\Uber Images\Order Finch Gift Shop Menu Delivery【Menu & Prices】_ Toronto _ Uber Eats_files\5954bcb006b10dbfd0bc160f6370faf3(10).jpeg,download,Order Finch Gift Shop Menu Delivery【Menu & Prices】_ Toronto _ Uber Eats_files
5954bcb006b10dbfd0bc160f6370faf3(11).jpeg,C:\Users\merch\OneDrive\Pictures\Download Images\FinchGiftShopWhatsapp Media\Uber Images\Order Finch Gift Shop Menu Delivery【Menu & Prices】_ Toronto _ Uber Eats_files\5954bcb006b10dbfd0bc160f6370faf3(11).jpeg,download,Order Finch Gift Shop Menu Delivery【Menu & Prices】_ Toronto _ Uber Eats_files
5954bcb006b10dbfd0bc160f6370faf3(12).jpeg,C:\Users\merch\OneDrive\Pictures\Download Images\FinchGiftShopWhatsapp Media\Uber Images\Order Finch Gift Shop Menu Delivery【Menu & Prices】_ Toronto _ Uber Eats_files\5954bcb006b10dbfd0bc160f6370faf3(12).jpeg,download,Order Finch Gift Shop Menu Delivery【Menu & Prices】_ Toronto _ Uber Eats_files
5954bcb006b10dbfd0bc160f6370faf3(13).jpeg,C:\Users\merch\OneDrive\Pictures\Download Images\FinchGiftShopWhatsapp Media\Uber Images\Order Finch Gift Shop Menu Delivery【Menu & Prices】_ Toronto _ Uber Eats_files\5954bcb006b10dbfd0bc160f6370faf3(13).jpeg,download,Order Finch Gift Shop Menu Delivery【Menu & Prices】_ Toronto _ Uber Eats_files
5954bcb006b10dbfd0bc160f6370faf3(2).jpeg,C:\Users\merch\OneDrive\Pictures\Download Images\FinchGiftShopWhatsapp Media\Uber Images\Order Finch Gift Shop Menu Delivery【Menu & Prices】_ Toronto _ Uber Eats_files\5954bcb006b10dbfd0bc160f6370faf3(2).jpeg,download,Order Finch Gift Shop Menu Delivery【Menu & Prices】_ Toronto _ Uber Eats_files
5954bcb006b10dbfd0bc160f6370faf3(3).jpeg,C:\Users\merch\OneDrive\Pictures\Download Images\FinchGiftShopWhatsapp Media\Uber Images\Order Finch Gift Shop Menu Delivery【Menu & Prices】_ Toronto _ Uber Eats_files\5954bcb006b10dbfd0bc160f6370faf3(3).jpeg,download,Order Finch Gift Shop Menu Delivery【Menu & Prices】_ Toronto _ Uber Eats_files
5954bcb006b10dbfd0bc160f6370faf3(4).jpeg,C:\Users\merch\OneDrive\Pictures\Download Images\FinchGiftShopWhatsapp Media\Uber Images\Order Finch Gift Shop Menu Delivery【Menu & Prices】_ Toronto _ Uber Eats_files\5954bcb006b10dbfd0bc160f6370faf3(4).jpeg,download,Order Finch Gift Shop Menu Delivery【Menu & Prices】_ Toronto _ Uber Eats_files
5954bcb006b10dbfd0bc160f6370faf3(5).jpeg,C:\Users\merch\OneDrive\Pictures\Download Images\FinchGiftShopWhatsapp Media\Uber Images\Order Finch Gift Shop Menu Delivery【Menu & Prices】_ Toronto _ Uber Eats_files\5954bcb006b10dbfd0bc160f6370faf3(5).jpeg,download,Order Finch Gift Shop Menu Delivery【Menu & Prices】_ Toronto _ Uber Eats_files
5954bcb006b10dbfd0bc160f6370faf3(6).jpeg,C:\Users\merch\OneDrive\Pictures\Download Images\FinchGiftShopWhatsapp Media\Uber Images\Order Finch Gift Shop Menu Delivery【Menu & Prices】_ Toronto _ Uber Eats_files\5954bcb006b10dbfd0bc160f6370faf3(6).jpeg,download,Order Finch Gift Shop Menu Delivery【Menu & Prices】_ Toronto _ Uber Eats_files
5954bcb006b10dbfd0bc160f6370faf3(7).jpeg,C:\Users\merch\OneDrive\Pictures\Download Images\FinchGiftShopWhatsapp Media\Uber Images\Order Finch Gift Shop Menu Delivery【Menu & Prices】_ Toronto _ Uber Eats_files\5954bcb006b10dbfd0bc160f6370faf3(7).jpeg,download,Order Finch Gift Shop Menu Delivery【Menu & Prices】_ Toronto _ Uber Eats_files
5954bcb006b10dbfd0bc160f6370faf3(8).jpeg,C:\Users\merch\OneDrive\Pictures\Download Images\FinchGiftShopWhatsapp Media\Uber Images\Order Finch Gift Shop Menu Delivery【Menu & Prices】_ Toronto _ Uber Eats_files\5954bcb006b10dbfd0bc160f6370faf3(8).jpeg,download,Order Finch Gift Shop Menu Delivery【Menu & Prices】_ Toronto _ Uber Eats_files
5954bcb006b10dbfd0bc160f6370faf3(9).jpeg,C:\Users\merch\OneDrive\Pictures\Download Images\FinchGiftShopWhatsapp Media\Uber Images\Order Finch Gift Shop Menu Delivery【Menu & Prices】_ Toronto _ Uber Eats_files\5954bcb006b10dbfd0bc160f6370faf3(9).jpeg,download,Order Finch Gift Shop Menu Delivery【Menu & Prices】_ Toronto _ Uber Eats_files
5954bcb006b10dbfd0bc160f6370faf3.jpeg,C:\Users\merch\OneDrive\Pictures\Download Images\FinchGiftShopWhatsapp Media\Uber Images\Order Finch Gift Shop Menu Delivery【Menu & Prices】_ Toronto _ Uber Eats_files\5954bcb006b10dbfd0bc160f6370faf3.jpeg,download,Order Finch Gift Shop Menu Delivery【Menu & Prices】_ Toronto _ Uber Eats_files
7f4ae9ca0446cbc23e71d8d395a98428(1).jpeg,C:\Users\merch\OneDrive\Pictures\Download Images\FinchGiftShopWhatsapp Media\Uber Images\Order Finch Gift Shop Menu Delivery【Menu & Prices】_ Toronto _ Uber Eats_files\7f4ae9ca0446cbc23e71d8d395a98428(1).jpeg,download,Order Finch Gift Shop Menu Delivery【Menu & Prices】_ Toronto _ Uber Eats_files
7f4ae9ca0446cbc23e71d8d395a98428.jpeg,C:\Users\merch\OneDrive\Pictures\Download Images\FinchGiftShopWhatsapp Media\Uber Images\Order Finch Gift Shop Menu Delivery【Menu & Prices】_ Toronto _ Uber Eats_files\7f4ae9ca0446cbc23e71d8d395a98428.jpeg,download,Order Finch Gift Shop Menu Delivery【Menu & Prices】_ Toronto _ Uber Eats_files
97ef7458dde62fa918635bc21265d9f5.jpeg,C:\Users\merch\OneDrive\Pictures\Download Images\FinchGiftShopWhatsapp Media\Uber Images\Order Finch Gift Shop Menu Delivery【Menu & Prices】_ Toronto _ Uber Eats_files\97ef7458dde62fa918635bc21265d9f5.jpeg,download,Order Finch Gift Shop Menu Delivery【Menu & Prices】_ Toronto _ Uber Eats_files
DonutUberOne@3x.png,C:\Users\merch\OneDrive\Pictures\Download Images\FinchGiftShopWhatsapp Media\Uber Images\Order Finch Gift Shop Menu Delivery【Menu & Prices】_ Toronto _ Uber Eats_files\DonutUberOne@3x.png,download,Order Finch Gift Shop Menu Delivery【Menu & Prices】_ Toronto _ Uber Eats_files
f0d1762b91fd823a1aa9bd0dab5c648d(1).jpeg,C:\Users\merch\OneDrive\Pictures\Download Images\FinchGiftShopWhatsapp Media\Uber Images\Order Finch Gift Shop Menu Delivery【Menu & Prices】_ Toronto _ Uber Eats_files\f0d1762b91fd823a1aa9bd0dab5c648d(1).jpeg,download,Order Finch Gift Shop Menu Delivery【Menu & Prices】_ Toronto _ Uber Eats_files
f0d1762b91fd823a1aa9bd0dab5c648d(2).jpeg,C:\Users\merch\OneDrive\Pictures\Download Images\FinchGiftShopWhatsapp Media\Uber Images\Order Finch Gift Shop Menu Delivery【Menu & Prices】_ Toronto _ Uber Eats_files\f0d1762b91fd823a1aa9bd0dab5c648d(2).jpeg,download,Order Finch Gift Shop Menu Delivery【Menu & Prices】_ Toronto _ Uber Eats_files
f0d1762b91fd823a1aa9bd0dab5c648d(3).jpeg,C:\Users\merch\OneDrive\Pictures\Download Images\FinchGiftShopWhatsapp Media\Uber Images\Order Finch Gift Shop Menu Delivery【Menu & Prices】_ Toronto _ Uber Eats_files\f0d1762b91fd823a1aa9bd0dab5c648d(3).jpeg,download,Order Finch Gift Shop Menu Delivery【Menu & Prices】_ Toronto _ Uber Eats_files
f0d1762b91fd823a1aa9bd0dab5c648d(4).jpeg,C:\Users\merch\OneDrive\Pictures\Download Images\FinchGiftShopWhatsapp Media\Uber Images\Order Finch Gift Shop Menu Delivery【Menu & Prices】_ Toronto _ Uber Eats_files\f0d1762b91fd823a1aa9bd0dab5c648d(4).jpeg,download,Order Finch Gift Shop Menu Delivery【Menu & Prices】_ Toronto _ Uber Eats_files
f0d1762b91fd823a1aa9bd0dab5c648d(5).jpeg,C:\Users\merch\OneDrive\Pictures\Download Images\FinchGiftShopWhatsapp Media\Uber Images\Order Finch Gift Shop Menu Delivery【Menu & Prices】_ Toronto _ Uber Eats_files\f0d1762b91fd823a1aa9bd0dab5c648d(5).jpeg,download,Order Finch Gift Shop Menu Delivery【Menu & Prices】_ Toronto _ Uber Eats_files
f0d1762b91fd823a1aa9bd0dab5c648d(6).jpeg,C:\Users\merch\OneDrive\Pictures\Download Images\FinchGiftShopWhatsapp Media\Uber Images\Order Finch Gift Shop Menu Delivery【Menu & Prices】_ Toronto _ Uber Eats_files\f0d1762b91fd823a1aa9bd0dab5c648d(6).jpeg,download,Order Finch Gift Shop Menu Delivery【Menu & Prices】_ Toronto _ Uber Eats_files
f0d1762b91fd823a1aa9bd0dab5c648d(7).jpeg,C:\Users\merch\OneDrive\Pictures\Download Images\FinchGiftShopWhatsapp Media\Uber Images\Order Finch Gift Shop Menu Delivery【Menu & Prices】_ Toronto _ Uber Eats_files\f0d1762b91fd823a1aa9bd0dab5c648d(7).jpeg,download,Order Finch Gift Shop Menu Delivery【Menu & Prices】_ Toronto _ Uber Eats_files
f0d1762b91fd823a1aa9bd0dab5c648d(8).jpeg,C:\Users\merch\OneDrive\Pictures\Download Images\FinchGiftShopWhatsapp Media\Uber Images\Order Finch Gift Shop Menu Delivery【Menu & Prices】_ Toronto _ Uber Eats_files\f0d1762b91fd823a1aa9bd0dab5c648d(8).jpeg,download,Order Finch Gift Shop Menu Delivery【Menu & Prices】_ Toronto _ Uber Eats_files
f0d1762b91fd823a1aa9bd0dab5c648d(9).jpeg,C:\Users\merch\OneDrive\Pictures\Download Images\FinchGiftShopWhatsapp Media\Uber Images\Order Finch Gift Shop Menu Delivery【Menu & Prices】_ Toronto _ Uber Eats_files\f0d1762b91fd823a1aa9bd0dab5c648d(9).jpeg,download,Order Finch Gift Shop Menu Delivery【Menu & Prices】_ Toronto _ Uber Eats_files
f0d1762b91fd823a1aa9bd0dab5c648d.jpeg,C:\Users\merch\OneDrive\Pictures\Download Images\FinchGiftShopWhatsapp Media\Uber Images\Order Finch Gift Shop Menu Delivery【Menu & Prices】_ Toronto _ Uber Eats_files\f0d1762b91fd823a1aa9bd0dab5c648d.jpeg,download,Order Finch Gift Shop Menu Delivery【Menu & Prices】_ Toronto _ Uber Eats_files
Untitleddesign-2023-01-05T193325.290.png,C:\Users\merch\OneDrive\Pictures\Download Images\FinchGiftShopWhatsapp Media\Westland\Products – Page 10– Westland Direct_files\Untitleddesign-2023-01-05T193325.290.png,download,Products – Page 10– Westland Direct_files
Untitleddesign-2023-08-30T193231.868.png,C:\Users\merch\OneDrive\Pictures\Download Images\FinchGiftShopWhatsapp Media\Westland\Products – Page 10– Westland Direct_files\Untitleddesign-2023-08-30T193231.868.png,download,Products – Page 10– Westland Direct_files
Untitleddesign-2023-12-30T114532.978.png,C:\Users\merch\OneDrive\Pictures\Download Images\FinchGiftShopWhatsapp Media\Westland\Products – Page 10– Westland Direct_files\Untitleddesign-2023-12-30T114532.978.png,download,Products – Page 10– Westland Direct_files
Untitleddesign-2024-01-08T185021.140.png,C:\Users\merch\OneDrive\Pictures\Download Images\FinchGiftShopWhatsapp Media\Westland\Products – Page 10– Westland Direct_files\Untitleddesign-2024-01-08T185021.140.png,download,Products – Page 10– Westland Direct_files
Untitleddesign-2024-01-22T192203.136.png,C:\Users\merch\OneDrive\Pictures\Download Images\FinchGiftShopWhatsapp Media\Westland\Products – Page 10– Westland Direct_files\Untitleddesign-2024-01-22T192203.136.png,download,Products – Page 10– Westland Direct_files
Untitleddesign-2024-01-22T192318.429.png,C:\Users\merch\OneDrive\Pictures\Download Images\FinchGiftShopWhatsapp Media\Westland\Products – Page 10– Westland Direct_files\Untitleddesign-2024-01-22T192318.429.png,download,Products – Page 10– Westland Direct_files
Untitleddesign-2022-04-15T180128.552.png,C:\Users\merch\OneDrive\Pictures\Download Images\FinchGiftShopWhatsapp Media\Westland\Products – Page 11 – Westland Direct_files\Untitleddesign-2022-04-15T180128.552.png,download,Products – Page 11 – Westland Direct_files
Untitleddesign-2023-08-06T191133.134.png,C:\Users\merch\OneDrive\Pictures\Download Images\FinchGiftShopWhatsapp Media\Westland\Products – Page 11 – Westland Direct_files\Untitleddesign-2023-08-06T191133.134.png,download,Products – Page 11 – Westland Direct_files
Untitleddesign-2023-11-06T195703.057.png,C:\Users\merch\OneDrive\Pictures\Download Images\FinchGiftShopWhatsapp Media\Westland\Products – Page 11 – Westland Direct_files\Untitleddesign-2023-11-06T195703.057.png,download,Products – Page 11 – Westland Direct_files
NatureBoxSucculentMix.png,C:\Users\merch\OneDrive\Pictures\Download Images\FinchGiftShopWhatsapp Media\Westland\Products – Page 12– Westland Direct_files\NatureBoxSucculentMix.png,download,Products – Page 12– Westland Direct_files
NatureTropicalBox.png,C:\Users\merch\OneDrive\Pictures\Download Images\FinchGiftShopWhatsapp Media\Westland\Products – Page 12– Westland Direct_files\NatureTropicalBox.png,download,Products – Page 12– Westland Direct_files
Untitleddesign-2022-12-28T184624.006.png,C:\Users\merch\OneDrive\Pictures\Download Images\FinchGiftShopWhatsapp Media\Westland\Products – Page 12– Westland Direct_files\Untitleddesign-2022-12-28T184624.006.png,download,Products – Page 12– Westland Direct_files
Untitleddesign-2022-12-28T184800.226.png,C:\Users\merch\OneDrive\Pictures\Download Images\FinchGiftShopWhatsapp Media\Westland\Products – Page 12– Westland Direct_files\Untitleddesign-2022-12-28T184800.226.png,download,Products – Page 12– Westland Direct_files
Untitleddesign-2023-10-15T163404.245.png,C:\Users\merch\OneDrive\Pictures\Download Images\FinchGiftShopWhatsapp Media\Westland\Products – Page 12– Westland Direct_files\Untitleddesign-2023-10-15T163404.245.png,download,Products – Page 12– Westland Direct_files
Untitleddesign-2024-02-01T190503.247.png,C:\Users\merch\OneDrive\Pictures\Download Images\FinchGiftShopWhatsapp Media\Westland\Products – Page 12– Westland Direct_files\Untitleddesign-2024-02-01T190503.247.png,download,Products – Page 12– Westland Direct_files
Untitleddesign-2022-12-28T184246.376.png,C:\Users\merch\OneDrive\Pictures\Download Images\FinchGiftShopWhatsapp Media\Westland\Products – Page 13 – Westland Direct_files\Untitleddesign-2022-12-28T184246.376.png,download,Products – Page 13 – Westland Direct_files
Untitleddesign-2023-10-22T144926.337.png,C:\Users\merch\OneDrive\Pictures\Download Images\FinchGiftShopWhatsapp Media\Westland\Products – Page 13 – Westland Direct_files\Untitleddesign-2023-10-22T144926.337.png,download,Products – Page 13 – Westland Direct_files
Untitleddesign-2024-01-22T065108.200.png,C:\Users\merch\OneDrive\Pictures\Download Images\FinchGiftShopWhatsapp Media\Westland\Products – Page 13 – Westland Direct_files\Untitleddesign-2024-01-22T065108.200.png,download,Products – Page 13 – Westland Direct_files
Untitleddesign-2022-04-09T103600.500.png,C:\Users\merch\OneDrive\Pictures\Download Images\FinchGiftShopWhatsapp Media\Westland\Products – Page 4 – Westland Direct_files\Untitleddesign-2022-04-09T103600.500.png,download,Products – Page 4 – Westland Direct_files
Untitleddesign-2023-11-12T154743.977.png,C:\Users\merch\OneDrive\Pictures\Download Images\FinchGiftShopWhatsapp Media\Westland\Products – Page 4 – Westland Direct_files\Untitleddesign-2023-11-12T154743.977.png,download,Products – Page 4 – Westland Direct_files
Untitleddesign_10.png,C:\Users\merch\OneDrive\Pictures\Download Images\FinchGiftShopWhatsapp Media\Westland\Products – Page 4 – Westland Direct_files\Untitleddesign_10.png,download,Products – Page 4 – Westland Direct_files
Untitleddesign_80_3e1f994e-c0d5-482b-a3b2-11d0cc527b56.png,C:\Users\merch\OneDrive\Pictures\Download Images\FinchGiftShopWhatsapp Media\Westland\Products – Page 4 – Westland Direct_files\Untitleddesign_80_3e1f994e-c0d5-482b-a3b2-11d0cc527b56.png,download,Products – Page 4 – Westland Direct_files
Untitleddesign_82.png,C:\Users\merch\OneDrive\Pictures\Download Images\FinchGiftShopWhatsapp Media\Westland\Products – Page 4 – Westland Direct_files\Untitleddesign_82.png,download,Products – Page 4 – Westland Direct_files
Untitleddesign_85_1943cf2b-c0b4-49dc-a676-4ee3130b3c13.png,C:\Users\merch\OneDrive\Pictures\Download Images\FinchGiftShopWhatsapp Media\Westland\Products – Page 4 – Westland Direct_files\Untitleddesign_85_1943cf2b-c0b4-49dc-a676-4ee3130b3c13.png,download,Products – Page 4 – Westland Direct_files
Untitleddesign-2022-04-09T101607.106.png,C:\Users\merch\OneDrive\Pictures\Download Images\FinchGiftShopWhatsapp Media\Westland\Products – Page 5 – Westland Direct_files\Untitleddesign-2022-04-09T101607.106.png,download,Products – Page 5 – Westland Direct_files
Untitleddesign-2022-04-09T102147.133.png,C:\Users\merch\OneDrive\Pictures\Download Images\FinchGiftShopWhatsapp Media\Westland\Products – Page 5 – Westland Direct_files\Untitleddesign-2022-04-09T102147.133.png,download,Products – Page 5 – Westland Direct_files
Untitleddesign_8.png,C:\Users\merch\OneDrive\Pictures\Download Images\FinchGiftShopWhatsapp Media\Westland\Products – Page 5 – Westland Direct_files\Untitleddesign_8.png,download,Products – Page 5 – Westland Direct_files
Untitleddesign_81_9f54550d-7b2b-466d-a041-5d16270dd3d1.png,C:\Users\merch\OneDrive\Pictures\Download Images\FinchGiftShopWhatsapp Media\Westland\Products – Page 5 – Westland Direct_files\Untitleddesign_81_9f54550d-7b2b-466d-a041-5d16270dd3d1.png,download,Products – Page 5 – Westland Direct_files
Untitleddesign_85.png,C:\Users\merch\OneDrive\Pictures\Download Images\FinchGiftShopWhatsapp Media\Westland\Products – Page 5 – Westland Direct_files\Untitleddesign_85.png,download,Products – Page 5 – Westland Direct_files
Untitleddesign_85_e83ac1cf-a609-40c8-bcc1-466a0bd35cc3.png,C:\Users\merch\OneDrive\Pictures\Download Images\FinchGiftShopWhatsapp Media\Westland\Products – Page 5 – Westland Direct_files\Untitleddesign_85_e83ac1cf-a609-40c8-bcc1-466a0bd35cc3.png,download,Products – Page 5 – Westland Direct_files
Untitleddesign_9.png,C:\Users\merch\OneDrive\Pictures\Download Images\FinchGiftShopWhatsapp Media\Westland\Products – Page 5 – Westland Direct_files\Untitleddesign_9.png,download,Products – Page 5 – Westland Direct_files
Untitleddesign_90.png,C:\Users\merch\OneDrive\Pictures\Download Images\FinchGiftShopWhatsapp Media\Westland\Products – Page 5 – Westland Direct_files\Untitleddesign_90.png,download,Products – Page 5 – Westland Direct_files
Untitleddesign-2022-04-12T095156.083.png,C:\Users\merch\OneDrive\Pictures\Download Images\FinchGiftShopWhatsapp Media\Westland\Products – Page 6– Westland Direct_files\Untitleddesign-2022-04-12T095156.083.png,download,Products – Page 6– Westland Direct_files
Untitleddesign-2023-08-30T190825.424.png,C:\Users\merch\OneDrive\Pictures\Download Images\FinchGiftShopWhatsapp Media\Westland\Products – Page 6– Westland Direct_files\Untitleddesign-2023-08-30T190825.424.png,download,Products – Page 6– Westland Direct_files
Untitleddesign_80_662ff90c-48ad-4347-a75d-d581497b52f3.png,C:\Users\merch\OneDrive\Pictures\Download Images\FinchGiftShopWhatsapp Media\Westland\Products – Page 6– Westland Direct_files\Untitleddesign_80_662ff90c-48ad-4347-a75d-d581497b52f3.png,download,Products – Page 6– Westland Direct_files
Untitleddesign_86.png,C:\Users\merch\OneDrive\Pictures\Download Images\FinchGiftShopWhatsapp Media\Westland\Products – Page 6– Westland Direct_files\Untitleddesign_86.png,download,Products – Page 6– Westland Direct_files
Untitleddesign_86_11de2928-a2a4-4a34-b43e-661170d609c8.png,C:\Users\merch\OneDrive\Pictures\Download Images\FinchGiftShopWhatsapp Media\Westland\Products – Page 6– Westland Direct_files\Untitleddesign_86_11de2928-a2a4-4a34-b43e-661170d609c8.png,download,Products – Page 6– Westland Direct_files
Untitleddesign-2023-09-13T193441.794.png,C:\Users\merch\OneDrive\Pictures\Download Images\FinchGiftShopWhatsapp Media\Westland\Products – Page 7 – Westland Direct_files\Untitleddesign-2023-09-13T193441.794.png,download,Products – Page 7 – Westland Direct_files
Untitleddesign_2.png,C:\Users\merch\OneDrive\Pictures\Download Images\FinchGiftShopWhatsapp Media\Westland\Products – Page 7 – Westland Direct_files\Untitleddesign_2.png,download,Products – Page 7 – Westland Direct_files
Untitleddesign_5.png,C:\Users\merch\OneDrive\Pictures\Download Images\FinchGiftShopWhatsapp Media\Westland\Products – Page 7 – Westland Direct_files\Untitleddesign_5.png,download,Products – Page 7 – Westland Direct_files
Untitleddesign_81_da9cc535-28d3-4df4-ba0c-c673244cf23b.png,C:\Users\merch\OneDrive\Pictures\Download Images\FinchGiftShopWhatsapp Media\Westland\Products – Page 7 – Westland Direct_files\Untitleddesign_81_da9cc535-28d3-4df4-ba0c-c673244cf23b.png,download,Products – Page 7 – Westland Direct_files
Untitleddesign-2023-08-06T192029.970.png,C:\Users\merch\OneDrive\Pictures\Download Images\FinchGiftShopWhatsapp Media\Westland\Products – Page 8– Westland Direct_files\Untitleddesign-2023-08-06T192029.970.png,download,Products – Page 8– Westland Direct_files
Untitleddesign-2023-08-27T191941.664.png,C:\Users\merch\OneDrive\Pictures\Download Images\FinchGiftShopWhatsapp Media\Westland\Products – Page 8– Westland Direct_files\Untitleddesign-2023-08-27T191941.664.png,download,Products – Page 8– Westland Direct_files
Untitleddesign-2023-10-22T151102.197.png,C:\Users\merch\OneDrive\Pictures\Download Images\FinchGiftShopWhatsapp Media\Westland\Products – Page 8– Westland Direct_files\Untitleddesign-2023-10-22T151102.197.png,download,Products – Page 8– Westland Direct_files
Untitleddesign-2023-10-22T151133.858.png,C:\Users\merch\OneDrive\Pictures\Download Images\FinchGiftShopWhatsapp Media\Westland\Products – Page 8– Westland Direct_files\Untitleddesign-2023-10-22T151133.858.png,download,Products – Page 8– Westland Direct_files
Untitleddesign_6.png,C:\Users\merch\OneDrive\Pictures\Download Images\FinchGiftShopWhatsapp Media\Westland\Products – Page 8– Westland Direct_files\Untitleddesign_6.png,download,Products – Page 8– Westland Direct_files
Untitleddesign_7.png,C:\Users\merch\OneDrive\Pictures\Download Images\FinchGiftShopWhatsapp Media\Westland\Products – Page 8– Westland Direct_files\Untitleddesign_7.png,download,Products – Page 8– Westland Direct_files
Untitleddesign-2023-12-17T092551.502.png,C:\Users\merch\OneDrive\Pictures\Download Images\FinchGiftShopWhatsapp Media\Westland\Products – Page 9 – Westland Direct_files\Untitleddesign-2023-12-17T092551.502.png,download,Products – Page 9 – Westland Direct_files
Untitleddesign-2024-01-13T061950.494.png,C:\Users\merch\OneDrive\Pictures\Download Images\FinchGiftShopWhatsapp Media\Westland\Products – Page 9 – Westland Direct_files\Untitleddesign-2024-01-13T061950.494.png,download,Products – Page 9 – Westland Direct_files
Untitleddesign-2024-01-13T062052.846.png,C:\Users\merch\OneDrive\Pictures\Download Images\FinchGiftShopWhatsapp Media\Westland\Products – Page 9 – Westland Direct_files\Untitleddesign-2024-01-13T062052.846.png,download,Products – Page 9 – Westland Direct_files
Untitleddesign-2024-01-13T062137.810.png,C:\Users\merch\OneDrive\Pictures\Download Images\FinchGiftShopWhatsapp Media\Westland\Products – Page 9 – Westland Direct_files\Untitleddesign-2024-01-13T062137.810.png,download,Products – Page 9 – Westland Direct_files
Untitleddesign-2022-04-12T100443.281.png,C:\Users\merch\OneDrive\Pictures\Download Images\FinchGiftShopWhatsapp Media\Westland\Products – Page2 – Westland Direct_files\Untitleddesign-2022-04-12T100443.281.png,download,Products – Page2 – Westland Direct_files
Untitleddesign-2023-09-04T185214.244.png,C:\Users\merch\OneDrive\Pictures\Download Images\FinchGiftShopWhatsapp Media\Westland\Products – Page2 – Westland Direct_files\Untitleddesign-2023-09-04T185214.244.png,download,Products – Page2 – Westland Direct_files
Untitleddesign-2023-09-04T185532.272.png,C:\Users\merch\OneDrive\Pictures\Download Images\FinchGiftShopWhatsapp Media\Westland\Products – Page2 – Westland Direct_files\Untitleddesign-2023-09-04T185532.272.png,download,Products – Page2 – Westland Direct_files
Untitleddesign-2023-10-30T200306.046.png,C:\Users\merch\OneDrive\Pictures\Download Images\FinchGiftShopWhatsapp Media\Westland\Products – Page2 – Westland Direct_files\Untitleddesign-2023-10-30T200306.046.png,download,Products – Page2 – Westland Direct_files
Untitleddesign-2022-04-12T100202.332.png,C:\Users\merch\OneDrive\Pictures\Download Images\FinchGiftShopWhatsapp Media\Westland\Products – Westland Direct_files\Untitleddesign-2022-04-12T100202.332.png,download,Products – Westland Direct_files
Untitleddesign_92.png,C:\Users\merch\OneDrive\Pictures\Download Images\FinchGiftShopWhatsapp Media\Westland\Products – Westland Direct_files\Untitleddesign_92.png,download,Products – Westland Direct_files
Pan Card - Copy.jpeg,C:\Users\merch\OneDrive\Pictures\Download Images\Samsung Gallery\Documents\Pan Card - Copy.jpeg,download,Documents
Pan Card.jpeg,C:\Users\merch\OneDrive\Pictures\Download Images\Samsung Gallery\Documents\Pan Card.jpeg,download,Documents
Green White Leaf Modern Save the Date Wedding Card Invitation - Copy.png,C:\Users\merch\OneDrive\Pictures\Download Images\Samsung Gallery\Download\Green White Leaf Modern Save the Date Wedding Card Invitation - Copy.png,download,Download
Green White Leaf Modern Save the Date Wedding Card Invitation.png,C:\Users\merch\OneDrive\Pictures\Download Images\Samsung Gallery\Download\Green White Leaf Modern Save the Date Wedding Card Invitation.png,download,Download
Daw Alard Logo (1) - Copy.png,C:\Users\merch\OneDrive\Pictures\Download Images\WhatsApp Documents\Daw Alard Logo (1) - Copy.png,download,WhatsApp Documents
Daw Alard Logo (1).png,C:\Users\merch\OneDrive\Pictures\Download Images\WhatsApp Documents\Daw Alard Logo (1).png,download,WhatsApp Documents
Daw Alard Logo (2) - Copy.png,C:\Users\merch\OneDrive\Pictures\Download Images\WhatsApp Documents\Daw Alard Logo (2) - Copy.png,download,WhatsApp Documents
Daw Alard Logo (2).png,C:\Users\merch\OneDrive\Pictures\Download Images\WhatsApp Documents\Daw Alard Logo (2).png,download,WhatsApp Documents
Daw Alard Logo - Copy.png,C:\Users\merch\OneDrive\Pictures\Download Images\WhatsApp Documents\Daw Alard Logo - Copy.png,download,WhatsApp Documents
Daw Alard Logo.png,C:\Users\merch\OneDrive\Pictures\Download Images\WhatsApp Documents\Daw Alard Logo.png,download,WhatsApp Documents
